flow_id,src_ip,dst_ip,src_port,dst_port,prediction,confidence,true_label
0,127.0.0.1,127.0.0.1,8561,8877,mcp,0.9989,mcp
1,127.0.0.1,127.0.0.1,8561,8878,mcp,0.9973,mcp
2,127.0.0.1,127.0.0.1,8561,8879,mcp,0.9976,mcp
3,127.0.0.1,127.0.0.1,8561,8883,mcp,0.9983,mcp
4,127.0.0.1,127.0.0.1,8561,8884,mcp,0.9978,mcp
5,127.0.0.1,127.0.0.1,8561,8885,mcp,0.9981,mcp
6,127.0.0.1,127.0.0.1,8561,8896,mcp,0.9991,mcp
7,127.0.0.1,127.0.0.1,8561,8903,mcp,0.9983,mcp
8,127.0.0.1,127.0.0.1,8561,8906,mcp,0.9989,mcp
9,127.0.0.1,127.0.0.1,8561,8908,mcp,0.9978,mcp
10,127.0.0.1,127.0.0.1,8561,8913,mcp,0.9965,mcp
11,127.0.0.1,127.0.0.1,8561,8920,mcp,0.9983,mcp
12,127.0.0.1,127.0.0.1,8561,8923,mcp,0.9968,mcp
13,127.0.0.1,127.0.0.1,8561,8929,mcp,0.9977,mcp
14,127.0.0.1,127.0.0.1,8561,8934,mcp,0.9986,mcp
15,127.0.0.1,127.0.0.1,8561,8936,mcp,0.9977,mcp
16,127.0.0.1,127.0.0.1,8561,8948,mcp,0.9991,mcp
17,127.0.0.1,127.0.0.1,8561,8951,mcp,0.9983,mcp
18,127.0.0.1,127.0.0.1,8561,8969,mcp,0.9991,mcp
19,127.0.0.1,127.0.0.1,8561,8973,mcp,0.9981,mcp
20,127.0.0.1,127.0.0.1,8561,8980,mcp,0.996,mcp
21,127.0.0.1,127.0.0.1,8561,8984,mcp,0.9978,mcp
22,127.0.0.1,127.0.0.1,8561,8985,mcp,0.9701,mcp
23,127.0.0.1,127.0.0.1,8561,8988,mcp,0.9968,mcp
24,127.0.0.1,127.0.0.1,9110,9474,mcp,0.9965,mcp
25,127.0.0.1,127.0.0.1,9111,9474,mcp,0.9986,mcp
26,127.0.0.1,127.0.0.1,9112,9474,mcp,0.997,mcp
27,127.0.0.1,127.0.0.1,9113,9474,mcp,0.9969,mcp
28,127.0.0.1,127.0.0.1,9118,9474,mcp,0.9982,mcp
29,127.0.0.1,127.0.0.1,9119,9474,mcp,0.998,mcp
30,127.0.0.1,127.0.0.1,9120,9474,mcp,0.9977,mcp
31,127.0.0.1,127.0.0.1,9121,9474,mcp,0.9963,mcp
32,127.0.0.1,127.0.0.1,9123,9474,mcp,0.9991,mcp
33,127.0.0.1,127.0.0.1,9474,62704,mcp,0.9983,mcp
34,127.0.0.1,127.0.0.1,9474,62721,mcp,0.9989,mcp
35,127.0.0.1,127.0.0.1,9474,62724,mcp,0.9981,mcp
36,127.0.0.1,127.0.0.1,9474,39009,mcp,0.9983,mcp
37,127.0.0.1,127.0.0.1,9474,39012,mcp,0.9989,mcp
38,127.0.0.1,127.0.0.1,9474,39015,mcp,0.9981,mcp
39,127.0.0.1,127.0.0.1,9474,39016,mcp,0.998,mcp
40,127.0.0.1,127.0.0.1,9474,47756,mcp,0.9967,mcp
41,127.0.0.1,127.0.0.1,9474,47759,mcp,0.9977,mcp
42,127.0.0.1,127.0.0.1,9474,47762,mcp,0.9989,mcp
43,127.0.0.1,127.0.0.1,9474,32850,mcp,0.9984,mcp
44,127.0.0.1,127.0.0.1,9474,32852,mcp,0.9988,mcp
45,127.0.0.1,127.0.0.1,9474,32856,mcp,0.9983,mcp
46,127.0.0.1,127.0.0.1,9474,32868,mcp,0.997,mcp
47,127.0.0.1,127.0.0.1,9474,32871,mcp,0.9979,mcp
48,127.0.0.1,127.0.0.1,9474,32881,mcp,0.999,mcp
49,127.0.0.1,127.0.0.1,9474,32887,mcp,0.9979,mcp
50,127.0.0.1,127.0.0.1,9474,32891,mcp,0.9446,mcp
51,127.0.0.1,127.0.0.1,9474,32893,mcp,0.9681,mcp
52,127.0.0.1,127.0.0.1,9474,32898,mcp,0.9968,mcp
53,127.0.0.1,127.0.0.1,9474,32899,non_mcp,0.974,mcp
54,127.0.0.1,127.0.0.1,9474,32904,mcp,0.7773,mcp
55,127.0.0.1,127.0.0.1,6963,8421,mcp,0.997,mcp
56,127.0.0.1,127.0.0.1,6964,8421,mcp,0.9986,mcp
57,127.0.0.1,127.0.0.1,6965,8421,mcp,0.9965,mcp
58,127.0.0.1,127.0.0.1,6966,8421,mcp,0.9877,mcp
59,127.0.0.1,127.0.0.1,6971,8421,mcp,0.9984,mcp
60,127.0.0.1,127.0.0.1,6972,8421,mcp,0.9983,mcp
61,127.0.0.1,127.0.0.1,6973,8421,mcp,0.9983,mcp
62,127.0.0.1,127.0.0.1,6974,8421,mcp,0.9972,mcp
63,127.0.0.1,127.0.0.1,6976,8421,mcp,0.9989,mcp
64,127.0.0.1,127.0.0.1,6987,8421,mcp,0.9982,mcp
65,127.0.0.1,127.0.0.1,6996,8421,mcp,0.9986,mcp
66,127.0.0.1,127.0.0.1,6999,8421,mcp,0.9983,mcp
67,127.0.0.1,127.0.0.1,7017,8421,mcp,0.997,mcp
68,127.0.0.1,127.0.0.1,7020,8421,mcp,0.9982,mcp
69,127.0.0.1,127.0.0.1,7025,8421,mcp,0.9986,mcp
70,127.0.0.1,127.0.0.1,7028,8421,mcp,0.9974,mcp
71,127.0.0.1,127.0.0.1,7031,8421,mcp,0.9985,mcp
72,127.0.0.1,127.0.0.1,7036,8421,mcp,0.9981,mcp
73,127.0.0.1,127.0.0.1,7040,8421,mcp,0.9989,mcp
74,127.0.0.1,127.0.0.1,7046,8421,mcp,0.9984,mcp
75,127.0.0.1,127.0.0.1,7050,8421,mcp,0.9989,mcp
76,127.0.0.1,127.0.0.1,7053,8421,mcp,0.9988,mcp
77,127.0.0.1,127.0.0.1,7055,8421,mcp,0.9984,mcp
78,127.0.0.1,127.0.0.1,7058,8421,mcp,0.9974,mcp
79,127.0.0.1,127.0.0.1,7063,8421,mcp,0.9989,mcp
80,127.0.0.1,127.0.0.1,7067,8421,mcp,0.9976,mcp
81,127.0.0.1,127.0.0.1,7072,8421,mcp,0.9991,mcp
82,127.0.0.1,127.0.0.1,7076,8421,mcp,0.9979,mcp
83,127.0.0.1,127.0.0.1,7081,8421,mcp,0.999,mcp
84,127.0.0.1,127.0.0.1,7084,8421,mcp,0.9976,mcp
85,127.0.0.1,127.0.0.1,7090,8421,mcp,0.9717,mcp
86,127.0.0.1,127.0.0.1,7094,8421,mcp,0.9971,mcp
87,127.0.0.1,127.0.0.1,8146,63685,mcp,0.9985,mcp
88,127.0.0.1,127.0.0.1,8146,63686,mcp,0.9976,mcp
89,127.0.0.1,127.0.0.1,8146,63687,mcp,0.9976,mcp
90,127.0.0.1,127.0.0.1,8146,63691,mcp,0.9967,mcp
91,127.0.0.1,127.0.0.1,8146,63692,mcp,0.9983,mcp
92,127.0.0.1,127.0.0.1,8146,63693,mcp,0.9979,mcp
93,127.0.0.1,127.0.0.1,8146,63695,mcp,0.9991,mcp
94,127.0.0.1,127.0.0.1,8146,63697,mcp,0.9982,mcp
95,127.0.0.1,127.0.0.1,8146,63712,mcp,0.9986,mcp
96,127.0.0.1,127.0.0.1,8146,63714,mcp,0.9984,mcp
97,127.0.0.1,127.0.0.1,8146,63724,mcp,0.9989,mcp
98,127.0.0.1,127.0.0.1,8146,63726,mcp,0.9991,mcp
99,127.0.0.1,127.0.0.1,8146,63728,mcp,0.9983,mcp
100,127.0.0.1,127.0.0.1,8146,63729,mcp,0.9983,mcp
101,127.0.0.1,127.0.0.1,8146,63748,mcp,0.9988,mcp
102,127.0.0.1,127.0.0.1,8146,63752,mcp,0.998,mcp
103,127.0.0.1,127.0.0.1,8146,63754,mcp,0.999,mcp
104,127.0.0.1,127.0.0.1,8146,63756,mcp,0.9988,mcp
105,127.0.0.1,127.0.0.1,8146,63758,mcp,0.9982,mcp
106,127.0.0.1,127.0.0.1,8146,63760,mcp,0.9967,mcp
107,127.0.0.1,127.0.0.1,8146,63774,mcp,0.9991,mcp
108,127.0.0.1,127.0.0.1,8146,63777,mcp,0.9982,mcp
109,127.0.0.1,127.0.0.1,8146,63786,mcp,0.9598,mcp
110,127.0.0.1,127.0.0.1,8146,63789,mcp,0.9968,mcp
111,127.0.0.1,127.0.0.1,7591,54347,mcp,0.9968,mcp
112,127.0.0.1,127.0.0.1,7591,54348,mcp,0.997,mcp
113,127.0.0.1,127.0.0.1,7591,54349,mcp,0.997,mcp
114,127.0.0.1,127.0.0.1,7591,54350,mcp,0.9976,mcp
115,127.0.0.1,127.0.0.1,7591,54351,mcp,0.9881,mcp
116,127.0.0.1,127.0.0.1,7591,54357,mcp,0.9978,mcp
117,127.0.0.1,127.0.0.1,7591,54358,mcp,0.9962,mcp
118,127.0.0.1,127.0.0.1,7591,54359,mcp,0.9979,mcp
119,127.0.0.1,127.0.0.1,7591,54360,mcp,0.9976,mcp
120,127.0.0.1,127.0.0.1,7591,54361,mcp,0.9979,mcp
121,127.0.0.1,127.0.0.1,7591,54368,mcp,0.9987,mcp
122,127.0.0.1,127.0.0.1,7591,54372,mcp,0.9978,mcp
123,127.0.0.1,127.0.0.1,7591,54373,mcp,0.9985,mcp
124,127.0.0.1,127.0.0.1,7591,54375,mcp,0.9978,mcp
125,127.0.0.1,127.0.0.1,7591,54381,mcp,0.9991,mcp
126,127.0.0.1,127.0.0.1,7591,54383,mcp,0.9984,mcp
127,127.0.0.1,127.0.0.1,7591,54386,mcp,0.9987,mcp
128,127.0.0.1,127.0.0.1,7591,54389,mcp,0.9991,mcp
129,127.0.0.1,127.0.0.1,7591,54391,mcp,0.998,mcp
130,127.0.0.1,127.0.0.1,7591,54393,mcp,0.9979,mcp
131,127.0.0.1,127.0.0.1,7591,54400,mcp,0.9991,mcp
132,127.0.0.1,127.0.0.1,7591,54404,mcp,0.9989,mcp
133,127.0.0.1,127.0.0.1,7591,54405,mcp,0.9967,mcp
134,127.0.0.1,127.0.0.1,7591,54407,mcp,0.9976,mcp
135,127.0.0.1,127.0.0.1,7591,54413,mcp,0.9988,mcp
136,127.0.0.1,127.0.0.1,7591,54415,mcp,0.9976,mcp
137,127.0.0.1,127.0.0.1,7591,54419,mcp,0.999,mcp
138,127.0.0.1,127.0.0.1,7591,54421,mcp,0.9978,mcp
139,127.0.0.1,127.0.0.1,7591,54424,mcp,0.9969,mcp
140,127.0.0.1,127.0.0.1,7591,54429,mcp,0.9979,mcp
141,127.0.0.1,127.0.0.1,7591,54433,mcp,0.9421,mcp
142,127.0.0.1,127.0.0.1,8600,27856,mcp,0.9989,mcp
143,127.0.0.1,127.0.0.1,8600,27857,mcp,0.9965,mcp
144,127.0.0.1,127.0.0.1,8600,27860,mcp,0.9983,mcp
145,127.0.0.1,127.0.0.1,8600,27861,mcp,0.9981,mcp
146,127.0.0.1,127.0.0.1,8600,27892,mcp,0.9986,mcp
147,127.0.0.1,127.0.0.1,8600,27896,mcp,0.9984,mcp
148,127.0.0.1,127.0.0.1,8600,27916,mcp,0.9972,mcp
149,127.0.0.1,127.0.0.1,8600,27920,mcp,0.9981,mcp
150,127.0.0.1,127.0.0.1,8600,27952,mcp,0.9989,mcp
151,127.0.0.1,127.0.0.1,8600,27956,mcp,0.9983,mcp
152,127.0.0.1,127.0.0.1,8600,27962,mcp,0.9895,mcp
153,127.0.0.1,127.0.0.1,8600,27964,mcp,0.9983,mcp
154,127.0.0.1,127.0.0.1,8600,38885,mcp,0.9991,mcp
155,127.0.0.1,127.0.0.1,8600,38889,mcp,0.9983,mcp
156,127.0.0.1,127.0.0.1,8600,38901,mcp,0.9988,mcp
157,127.0.0.1,127.0.0.1,8600,52617,mcp,0.9978,mcp
158,127.0.0.1,127.0.0.1,8600,52626,mcp,0.9987,mcp
159,127.0.0.1,127.0.0.1,8600,52630,mcp,0.9983,mcp
160,127.0.0.1,127.0.0.1,8600,52643,mcp,0.9991,mcp
161,127.0.0.1,127.0.0.1,8600,52646,mcp,0.9983,mcp
162,127.0.0.1,127.0.0.1,8600,52655,mcp,0.9985,mcp
163,127.0.0.1,127.0.0.1,8600,52657,mcp,0.9981,mcp
164,127.0.0.1,127.0.0.1,8600,52667,mcp,0.9985,mcp
165,127.0.0.1,127.0.0.1,8600,52673,mcp,0.9981,mcp
166,127.0.0.1,127.0.0.1,8600,64335,mcp,0.9988,mcp
167,127.0.0.1,127.0.0.1,8600,64338,mcp,0.9672,mcp
168,127.0.0.1,127.0.0.1,6156,8600,mcp,0.9973,mcp
169,127.0.0.1,127.0.0.1,6161,8600,mcp,0.9966,mcp
170,127.0.0.1,127.0.0.1,8886,8963,non_mcp,0.9991,non_mcp
171,127.0.0.1,127.0.0.1,8887,8963,non_mcp,0.9995,non_mcp
172,127.0.0.1,127.0.0.1,8888,8963,non_mcp,0.9993,non_mcp
173,127.0.0.1,127.0.0.1,8889,8963,non_mcp,0.9995,non_mcp
174,127.0.0.1,127.0.0.1,8890,8963,non_mcp,0.9995,non_mcp
175,127.0.0.1,127.0.0.1,8891,8990,non_mcp,0.9994,non_mcp
176,127.0.0.1,127.0.0.1,8892,8990,non_mcp,0.9996,non_mcp
177,127.0.0.1,127.0.0.1,8005,8893,non_mcp,0.9983,non_mcp
178,127.0.0.1,127.0.0.1,8005,8910,non_mcp,0.9985,non_mcp
179,127.0.0.1,127.0.0.1,8912,8990,non_mcp,0.9995,non_mcp
180,127.0.0.1,127.0.0.1,8915,8963,non_mcp,0.9995,non_mcp
181,127.0.0.1,127.0.0.1,8916,8963,non_mcp,0.9994,non_mcp
182,127.0.0.1,127.0.0.1,8917,8963,non_mcp,0.9993,non_mcp
183,127.0.0.1,127.0.0.1,8918,8963,non_mcp,0.9996,non_mcp
184,127.0.0.1,127.0.0.1,8921,8963,non_mcp,0.9993,non_mcp
185,127.0.0.1,127.0.0.1,8931,8990,non_mcp,0.9995,non_mcp
186,127.0.0.1,127.0.0.1,8937,8963,non_mcp,0.9995,non_mcp
187,127.0.0.1,127.0.0.1,8938,8963,non_mcp,0.9994,non_mcp
188,127.0.0.1,127.0.0.1,8939,8963,non_mcp,0.9995,non_mcp
189,127.0.0.1,127.0.0.1,8005,8940,non_mcp,0.9988,non_mcp
190,127.0.0.1,127.0.0.1,8941,8963,non_mcp,0.9995,non_mcp
191,127.0.0.1,127.0.0.1,8943,8963,non_mcp,0.9993,non_mcp
192,127.0.0.1,127.0.0.1,8950,8990,non_mcp,0.9995,non_mcp
193,127.0.0.1,127.0.0.1,8005,8956,non_mcp,0.9985,non_mcp
194,127.0.0.1,127.0.0.1,8958,8963,non_mcp,0.9996,non_mcp
195,127.0.0.1,127.0.0.1,8959,8963,non_mcp,0.9995,non_mcp
196,127.0.0.1,127.0.0.1,8960,8990,non_mcp,0.9995,non_mcp
197,127.0.0.1,127.0.0.1,8962,8963,non_mcp,0.9995,non_mcp
198,127.0.0.1,127.0.0.1,8963,8964,non_mcp,0.9995,non_mcp
199,127.0.0.1,127.0.0.1,8965,8990,non_mcp,0.9995,non_mcp
200,127.0.0.1,127.0.0.1,8963,8968,non_mcp,0.9996,non_mcp
201,127.0.0.1,127.0.0.1,8005,8972,non_mcp,0.998,non_mcp
202,127.0.0.1,127.0.0.1,8963,8982,non_mcp,0.9995,non_mcp
203,127.0.0.1,127.0.0.1,8963,8987,non_mcp,0.9996,non_mcp
204,127.0.0.1,127.0.0.1,8963,8991,non_mcp,0.9994,non_mcp
205,127.0.0.1,127.0.0.1,8963,8992,non_mcp,0.9996,non_mcp
206,127.0.0.1,127.0.0.1,8005,8993,non_mcp,0.9985,non_mcp
207,127.0.0.1,127.0.0.1,8963,8995,non_mcp,0.9995,non_mcp
208,127.0.0.1,127.0.0.1,8990,8996,non_mcp,0.9996,non_mcp
209,127.0.0.1,127.0.0.1,8990,8997,non_mcp,0.9996,non_mcp
210,127.0.0.1,127.0.0.1,8963,9001,non_mcp,0.9995,non_mcp
211,127.0.0.1,127.0.0.1,8963,9006,non_mcp,0.9996,non_mcp
212,127.0.0.1,127.0.0.1,8963,9007,non_mcp,0.9995,non_mcp
213,127.0.0.1,127.0.0.1,8963,9008,non_mcp,0.9993,non_mcp
214,127.0.0.1,127.0.0.1,8005,9009,non_mcp,0.9979,non_mcp
215,127.0.0.1,127.0.0.1,8990,9011,non_mcp,0.9995,non_mcp
216,127.0.0.1,127.0.0.1,8963,9012,non_mcp,0.9995,non_mcp
217,127.0.0.1,127.0.0.1,8990,9015,non_mcp,0.9996,non_mcp
218,127.0.0.1,127.0.0.1,8963,9018,non_mcp,0.9996,non_mcp
219,127.0.0.1,127.0.0.1,8963,9020,non_mcp,0.9995,non_mcp
220,127.0.0.1,127.0.0.1,8963,9022,non_mcp,0.9995,non_mcp
221,127.0.0.1,127.0.0.1,8963,9023,non_mcp,0.9996,non_mcp
222,127.0.0.1,127.0.0.1,8005,9024,non_mcp,0.9957,non_mcp
223,127.0.0.1,127.0.0.1,8963,9026,non_mcp,0.9996,non_mcp
224,127.0.0.1,127.0.0.1,8990,9029,non_mcp,0.9994,non_mcp
225,127.0.0.1,127.0.0.1,8963,9032,non_mcp,0.9993,non_mcp
226,127.0.0.1,127.0.0.1,8005,9035,non_mcp,0.9957,non_mcp
227,127.0.0.1,127.0.0.1,8963,9036,non_mcp,0.9996,non_mcp
228,127.0.0.1,127.0.0.1,8963,9037,non_mcp,0.9996,non_mcp
229,127.0.0.1,127.0.0.1,8963,9039,non_mcp,0.9993,non_mcp
230,127.0.0.1,127.0.0.1,8963,9041,non_mcp,0.9996,non_mcp
231,127.0.0.1,127.0.0.1,8990,9044,non_mcp,0.9994,non_mcp
232,127.0.0.1,127.0.0.1,8963,9045,non_mcp,0.9995,non_mcp
233,127.0.0.1,127.0.0.1,8005,9046,non_mcp,0.9981,non_mcp
234,127.0.0.1,127.0.0.1,8963,9047,non_mcp,0.9995,non_mcp
235,127.0.0.1,127.0.0.1,8963,9048,non_mcp,0.9996,non_mcp
236,127.0.0.1,127.0.0.1,8963,9050,non_mcp,0.9996,non_mcp
237,127.0.0.1,127.0.0.1,8963,9053,non_mcp,0.9995,non_mcp
238,127.0.0.1,127.0.0.1,8665,62705,non_mcp,0.9991,non_mcp
239,127.0.0.1,127.0.0.1,8665,62706,non_mcp,0.9993,non_mcp
240,127.0.0.1,127.0.0.1,8665,62707,non_mcp,0.9995,non_mcp
241,127.0.0.1,127.0.0.1,8665,62708,non_mcp,0.9996,non_mcp
242,127.0.0.1,127.0.0.1,8665,62709,non_mcp,0.9994,non_mcp
243,127.0.0.1,127.0.0.1,8865,62710,non_mcp,0.9995,non_mcp
244,127.0.0.1,127.0.0.1,8865,62711,non_mcp,0.9995,non_mcp
245,127.0.0.1,127.0.0.1,7361,62712,non_mcp,0.9985,non_mcp
246,127.0.0.1,127.0.0.1,7361,62725,non_mcp,0.9985,non_mcp
247,127.0.0.1,127.0.0.1,8665,62726,non_mcp,0.9996,non_mcp
248,127.0.0.1,127.0.0.1,8665,62729,non_mcp,0.9995,non_mcp
249,127.0.0.1,127.0.0.1,8665,62730,non_mcp,0.9995,non_mcp
250,127.0.0.1,127.0.0.1,8665,62731,non_mcp,0.9991,non_mcp
251,127.0.0.1,127.0.0.1,8665,62732,non_mcp,0.9991,non_mcp
252,127.0.0.1,127.0.0.1,8865,62733,non_mcp,0.9995,non_mcp
253,127.0.0.1,127.0.0.1,8865,62734,non_mcp,0.9994,non_mcp
254,127.0.0.1,127.0.0.1,7361,39014,non_mcp,0.9978,non_mcp
255,127.0.0.1,127.0.0.1,8665,39018,non_mcp,0.9994,non_mcp
256,127.0.0.1,127.0.0.1,8665,47764,non_mcp,0.9995,non_mcp
257,127.0.0.1,127.0.0.1,8665,32851,non_mcp,0.9995,non_mcp
258,127.0.0.1,127.0.0.1,8665,32854,non_mcp,0.9996,non_mcp
259,127.0.0.1,127.0.0.1,8665,32858,non_mcp,0.9996,non_mcp
260,127.0.0.1,127.0.0.1,7361,32859,non_mcp,0.9932,non_mcp
261,127.0.0.1,127.0.0.1,8665,32861,non_mcp,0.9995,non_mcp
262,127.0.0.1,127.0.0.1,8865,32865,non_mcp,0.9995,non_mcp
263,127.0.0.1,127.0.0.1,8865,32870,non_mcp,0.9995,non_mcp
264,127.0.0.1,127.0.0.1,8665,32872,non_mcp,0.9996,non_mcp
265,127.0.0.1,127.0.0.1,7361,32873,non_mcp,0.9943,non_mcp
266,127.0.0.1,127.0.0.1,8665,32876,non_mcp,0.9991,non_mcp
267,127.0.0.1,127.0.0.1,8665,32878,non_mcp,0.9995,non_mcp
268,127.0.0.1,127.0.0.1,8665,32879,non_mcp,0.9996,non_mcp
269,127.0.0.1,127.0.0.1,8665,32886,non_mcp,0.9993,non_mcp
270,127.0.0.1,127.0.0.1,7361,32895,non_mcp,0.9983,non_mcp
271,127.0.0.1,127.0.0.1,8865,32896,non_mcp,0.9995,non_mcp
272,127.0.0.1,127.0.0.1,8865,32900,non_mcp,0.9995,non_mcp
273,127.0.0.1,127.0.0.1,8665,32905,non_mcp,0.9995,non_mcp
274,127.0.0.1,127.0.0.1,8665,32906,non_mcp,0.9995,non_mcp
275,127.0.0.1,127.0.0.1,8665,32907,non_mcp,0.9996,non_mcp
276,127.0.0.1,127.0.0.1,8665,32909,non_mcp,0.9995,non_mcp
277,127.0.0.1,127.0.0.1,7361,32914,non_mcp,0.9943,non_mcp
278,127.0.0.1,127.0.0.1,8865,32916,non_mcp,0.9996,non_mcp
279,127.0.0.1,127.0.0.1,8665,32917,non_mcp,0.9992,non_mcp
280,127.0.0.1,127.0.0.1,8865,32918,non_mcp,0.9995,non_mcp
281,127.0.0.1,127.0.0.1,8665,32920,non_mcp,0.9994,non_mcp
282,127.0.0.1,127.0.0.1,8665,32921,non_mcp,0.9995,non_mcp
283,127.0.0.1,127.0.0.1,8665,32922,non_mcp,0.9993,non_mcp
284,127.0.0.1,127.0.0.1,8665,32923,non_mcp,0.9991,non_mcp
285,127.0.0.1,127.0.0.1,7361,32926,non_mcp,0.9976,non_mcp
286,127.0.0.1,127.0.0.1,8665,32932,non_mcp,0.9994,non_mcp
287,127.0.0.1,127.0.0.1,8665,32934,non_mcp,0.9992,non_mcp
288,127.0.0.1,127.0.0.1,8865,32935,non_mcp,0.9995,non_mcp
289,127.0.0.1,127.0.0.1,7361,32936,non_mcp,0.9976,non_mcp
290,127.0.0.1,127.0.0.1,8665,32937,non_mcp,0.9995,non_mcp
291,127.0.0.1,127.0.0.1,8665,32938,non_mcp,0.9995,non_mcp
292,127.0.0.1,127.0.0.1,8665,32940,non_mcp,0.9991,non_mcp
293,127.0.0.1,127.0.0.1,8865,32941,non_mcp,0.9995,non_mcp
294,127.0.0.1,127.0.0.1,8665,32944,non_mcp,0.9996,non_mcp
295,127.0.0.1,127.0.0.1,7361,32950,non_mcp,0.9977,non_mcp
296,127.0.0.1,127.0.0.1,8665,32952,non_mcp,0.9993,non_mcp
297,127.0.0.1,127.0.0.1,8665,32953,non_mcp,0.9993,non_mcp
298,127.0.0.1,127.0.0.1,8665,32955,non_mcp,0.9995,non_mcp
299,127.0.0.1,127.0.0.1,8865,32956,non_mcp,0.9996,non_mcp
300,127.0.0.1,127.0.0.1,8865,32957,non_mcp,0.9995,non_mcp
301,127.0.0.1,127.0.0.1,8665,32958,non_mcp,0.9994,non_mcp
302,127.0.0.1,127.0.0.1,8665,32959,non_mcp,0.9996,non_mcp
303,127.0.0.1,127.0.0.1,7361,32965,non_mcp,0.9983,non_mcp
304,127.0.0.1,127.0.0.1,8665,32967,non_mcp,0.9995,non_mcp
305,127.0.0.1,127.0.0.1,8865,32968,non_mcp,0.9996,non_mcp
306,127.0.0.1,127.0.0.1,8665,32969,non_mcp,0.9996,non_mcp
307,127.0.0.1,127.0.0.1,8665,32971,non_mcp,0.9996,non_mcp
308,127.0.0.1,127.0.0.1,8665,32972,non_mcp,0.9993,non_mcp
309,127.0.0.1,127.0.0.1,8665,32974,non_mcp,0.9994,non_mcp
310,127.0.0.1,127.0.0.1,7361,32976,non_mcp,0.9932,non_mcp
311,127.0.0.1,127.0.0.1,8665,32980,non_mcp,0.9995,non_mcp
312,127.0.0.1,127.0.0.1,8665,32981,non_mcp,0.9995,non_mcp
313,127.0.0.1,127.0.0.1,8665,32982,non_mcp,0.9994,non_mcp
314,127.0.0.1,127.0.0.1,8665,32984,non_mcp,0.9996,non_mcp
315,127.0.0.1,127.0.0.1,8865,32985,non_mcp,0.9995,non_mcp
316,127.0.0.1,127.0.0.1,7361,32986,non_mcp,0.9943,non_mcp
317,127.0.0.1,127.0.0.1,8665,32990,non_mcp,0.9996,non_mcp
318,127.0.0.1,127.0.0.1,8665,32991,non_mcp,0.9995,non_mcp
319,127.0.0.1,127.0.0.1,7361,32992,non_mcp,0.9978,non_mcp
320,127.0.0.1,127.0.0.1,8865,32993,non_mcp,0.999,non_mcp
321,127.0.0.1,127.0.0.1,7361,32997,non_mcp,0.994,non_mcp
322,127.0.0.1,127.0.0.1,8665,32999,non_mcp,0.9991,non_mcp
323,127.0.0.1,127.0.0.1,8865,33000,non_mcp,0.9995,non_mcp
324,127.0.0.1,127.0.0.1,7361,63965,non_mcp,0.9932,non_mcp
325,127.0.0.1,127.0.0.1,8865,63968,non_mcp,0.9996,non_mcp
326,127.0.0.1,127.0.0.1,8665,63969,non_mcp,0.9994,non_mcp
327,127.0.0.1,127.0.0.1,7361,63970,non_mcp,0.9943,non_mcp
328,127.0.0.1,127.0.0.1,7361,63972,non_mcp,0.9922,non_mcp
329,127.0.0.1,127.0.0.1,7361,63974,non_mcp,0.9987,non_mcp
330,127.0.0.1,127.0.0.1,7361,63976,non_mcp,0.9979,non_mcp
331,127.0.0.1,127.0.0.1,6977,8529,non_mcp,0.9995,non_mcp
332,127.0.0.1,127.0.0.1,6978,8529,non_mcp,0.9996,non_mcp
333,127.0.0.1,127.0.0.1,6979,8529,non_mcp,0.9995,non_mcp
334,127.0.0.1,127.0.0.1,6980,8529,non_mcp,0.9993,non_mcp
335,127.0.0.1,127.0.0.1,6981,8529,non_mcp,0.9995,non_mcp
336,127.0.0.1,127.0.0.1,6983,7252,non_mcp,0.9996,non_mcp
337,127.0.0.1,127.0.0.1,6984,7252,non_mcp,0.9993,non_mcp
338,127.0.0.1,127.0.0.1,6985,7252,non_mcp,0.9995,non_mcp
339,127.0.0.1,127.0.0.1,6986,7230,non_mcp,0.9982,non_mcp
340,127.0.0.1,127.0.0.1,7001,7230,non_mcp,0.9979,non_mcp
341,127.0.0.1,127.0.0.1,7002,7252,non_mcp,0.9995,non_mcp
342,127.0.0.1,127.0.0.1,7003,8529,non_mcp,0.9996,non_mcp
343,127.0.0.1,127.0.0.1,7005,8529,non_mcp,0.9991,non_mcp
344,127.0.0.1,127.0.0.1,7006,8529,non_mcp,0.9994,non_mcp
345,127.0.0.1,127.0.0.1,7007,7252,non_mcp,0.9996,non_mcp
346,127.0.0.1,127.0.0.1,7008,8529,non_mcp,0.9991,non_mcp
347,127.0.0.1,127.0.0.1,7010,8529,non_mcp,0.9993,non_mcp
348,127.0.0.1,127.0.0.1,7013,7252,non_mcp,0.9995,non_mcp
349,127.0.0.1,127.0.0.1,7024,7230,non_mcp,0.9983,non_mcp
350,127.0.0.1,127.0.0.1,7030,8529,non_mcp,0.9991,non_mcp
351,127.0.0.1,127.0.0.1,7033,8529,non_mcp,0.9995,non_mcp
352,127.0.0.1,127.0.0.1,7034,8529,non_mcp,0.9996,non_mcp
353,127.0.0.1,127.0.0.1,7035,7252,non_mcp,0.9994,non_mcp
354,127.0.0.1,127.0.0.1,7037,7252,non_mcp,0.9996,non_mcp
355,127.0.0.1,127.0.0.1,7039,8529,non_mcp,0.9995,non_mcp
356,127.0.0.1,127.0.0.1,7043,8529,non_mcp,0.9994,non_mcp
357,127.0.0.1,127.0.0.1,7052,7252,non_mcp,0.9994,non_mcp
358,127.0.0.1,127.0.0.1,7057,7230,non_mcp,0.9983,non_mcp
359,127.0.0.1,127.0.0.1,7066,8529,non_mcp,0.9996,non_mcp
360,127.0.0.1,127.0.0.1,7069,8529,non_mcp,0.9996,non_mcp
361,127.0.0.1,127.0.0.1,7070,7252,non_mcp,0.9992,non_mcp
362,127.0.0.1,127.0.0.1,7071,8529,non_mcp,0.9995,non_mcp
363,127.0.0.1,127.0.0.1,7075,8529,non_mcp,0.9991,non_mcp
364,127.0.0.1,127.0.0.1,7077,7230,non_mcp,0.9987,non_mcp
365,127.0.0.1,127.0.0.1,7085,7252,non_mcp,0.999,non_mcp
366,127.0.0.1,127.0.0.1,7086,8529,non_mcp,0.9995,non_mcp
367,127.0.0.1,127.0.0.1,7088,7252,non_mcp,0.9996,non_mcp
368,127.0.0.1,127.0.0.1,7092,8529,non_mcp,0.9995,non_mcp
369,127.0.0.1,127.0.0.1,7095,7230,non_mcp,0.9977,non_mcp
370,127.0.0.1,127.0.0.1,7098,8529,non_mcp,0.9994,non_mcp
371,127.0.0.1,127.0.0.1,7100,8529,non_mcp,0.9991,non_mcp
372,127.0.0.1,127.0.0.1,7103,8529,non_mcp,0.9993,non_mcp
373,127.0.0.1,127.0.0.1,7105,7252,non_mcp,0.999,non_mcp
374,127.0.0.1,127.0.0.1,7106,8529,non_mcp,0.9994,non_mcp
375,127.0.0.1,127.0.0.1,7108,7230,non_mcp,0.9983,non_mcp
376,127.0.0.1,127.0.0.1,7110,8529,non_mcp,0.9991,non_mcp
377,127.0.0.1,127.0.0.1,7111,7252,non_mcp,0.9995,non_mcp
378,127.0.0.1,127.0.0.1,7113,7252,non_mcp,0.9995,non_mcp
379,127.0.0.1,127.0.0.1,7115,8529,non_mcp,0.9995,non_mcp
380,127.0.0.1,127.0.0.1,7121,8529,non_mcp,0.9991,non_mcp
381,127.0.0.1,127.0.0.1,7122,7230,non_mcp,0.9983,non_mcp
382,127.0.0.1,127.0.0.1,7123,8529,non_mcp,0.9991,non_mcp
383,127.0.0.1,127.0.0.1,7125,8529,non_mcp,0.9996,non_mcp
384,127.0.0.1,127.0.0.1,7126,8529,non_mcp,0.9991,non_mcp
385,127.0.0.1,127.0.0.1,7128,7252,non_mcp,0.999,non_mcp
386,127.0.0.1,127.0.0.1,7129,7252,non_mcp,0.9995,non_mcp
387,127.0.0.1,127.0.0.1,7131,8529,non_mcp,0.9995,non_mcp
388,127.0.0.1,127.0.0.1,7130,7252,non_mcp,0.9995,non_mcp
389,127.0.0.1,127.0.0.1,7136,7230,non_mcp,0.9984,non_mcp
390,127.0.0.1,127.0.0.1,7140,8529,non_mcp,0.9996,non_mcp
391,127.0.0.1,127.0.0.1,7142,8529,non_mcp,0.9993,non_mcp
392,127.0.0.1,127.0.0.1,7144,8529,non_mcp,0.9995,non_mcp
393,127.0.0.1,127.0.0.1,7145,8529,non_mcp,0.9991,non_mcp
394,127.0.0.1,127.0.0.1,7146,7252,non_mcp,0.9995,non_mcp
395,127.0.0.1,127.0.0.1,7150,8529,non_mcp,0.9991,non_mcp
396,127.0.0.1,127.0.0.1,7151,7252,non_mcp,0.9995,non_mcp
397,127.0.0.1,127.0.0.1,7152,7252,non_mcp,0.9995,non_mcp
398,127.0.0.1,127.0.0.1,7155,8529,non_mcp,0.9991,non_mcp
399,127.0.0.1,127.0.0.1,7156,7230,non_mcp,0.9983,non_mcp
400,127.0.0.1,127.0.0.1,7159,8529,non_mcp,0.9991,non_mcp
401,127.0.0.1,127.0.0.1,7160,7252,non_mcp,0.9995,non_mcp
402,127.0.0.1,127.0.0.1,7161,8529,non_mcp,0.9995,non_mcp
403,127.0.0.1,127.0.0.1,7164,8529,non_mcp,0.9995,non_mcp
404,127.0.0.1,127.0.0.1,7166,8529,non_mcp,0.9995,non_mcp
405,127.0.0.1,127.0.0.1,7169,7230,non_mcp,0.9943,non_mcp
406,127.0.0.1,127.0.0.1,7172,8529,non_mcp,0.9995,non_mcp
407,127.0.0.1,127.0.0.1,7174,8529,non_mcp,0.9991,non_mcp
408,127.0.0.1,127.0.0.1,7175,7252,non_mcp,0.9992,non_mcp
409,127.0.0.1,127.0.0.1,7176,8529,non_mcp,0.9991,non_mcp
410,127.0.0.1,127.0.0.1,7178,7252,non_mcp,0.9996,non_mcp
411,127.0.0.1,127.0.0.1,7179,7252,non_mcp,0.9996,non_mcp
412,127.0.0.1,127.0.0.1,7180,8529,non_mcp,0.9996,non_mcp
413,127.0.0.1,127.0.0.1,7181,8529,non_mcp,0.9996,non_mcp
414,127.0.0.1,127.0.0.1,7182,7230,non_mcp,0.9983,non_mcp
415,127.0.0.1,127.0.0.1,7187,8529,non_mcp,0.9996,non_mcp
416,127.0.0.1,127.0.0.1,7188,8529,non_mcp,0.9996,non_mcp
417,127.0.0.1,127.0.0.1,7189,7252,non_mcp,0.9995,non_mcp
418,127.0.0.1,127.0.0.1,7191,8529,non_mcp,0.9971,non_mcp
419,127.0.0.1,127.0.0.1,7192,7230,non_mcp,0.9932,non_mcp
420,127.0.0.1,127.0.0.1,8512,63698,non_mcp,0.9996,non_mcp
421,127.0.0.1,127.0.0.1,8512,63699,non_mcp,0.9995,non_mcp
422,127.0.0.1,127.0.0.1,8512,63700,non_mcp,0.9996,non_mcp
423,127.0.0.1,127.0.0.1,7750,63701,non_mcp,0.9992,non_mcp
424,127.0.0.1,127.0.0.1,7750,63702,non_mcp,0.9995,non_mcp
425,127.0.0.1,127.0.0.1,7750,63703,non_mcp,0.9994,non_mcp
426,127.0.0.1,127.0.0.1,7503,63704,non_mcp,0.9983,non_mcp
427,127.0.0.1,127.0.0.1,7503,63716,non_mcp,0.9983,non_mcp
428,127.0.0.1,127.0.0.1,8512,63718,non_mcp,0.9994,non_mcp
429,127.0.0.1,127.0.0.1,8512,63719,non_mcp,0.9996,non_mcp
430,127.0.0.1,127.0.0.1,8512,63720,non_mcp,0.9995,non_mcp
431,127.0.0.1,127.0.0.1,7750,63730,non_mcp,0.9995,non_mcp
432,127.0.0.1,127.0.0.1,7750,63731,non_mcp,0.9996,non_mcp
433,127.0.0.1,127.0.0.1,7750,63734,non_mcp,0.9994,non_mcp
434,127.0.0.1,127.0.0.1,7503,63737,non_mcp,0.998,non_mcp
435,127.0.0.1,127.0.0.1,8512,63738,non_mcp,0.9995,non_mcp
436,127.0.0.1,127.0.0.1,8512,63739,non_mcp,0.9996,non_mcp
437,127.0.0.1,127.0.0.1,8512,63740,non_mcp,0.9991,non_mcp
438,127.0.0.1,127.0.0.1,7750,63745,non_mcp,0.9995,non_mcp
439,127.0.0.1,127.0.0.1,7750,63751,non_mcp,0.9996,non_mcp
440,127.0.0.1,127.0.0.1,8512,63763,non_mcp,0.9996,non_mcp
441,127.0.0.1,127.0.0.1,7503,63762,non_mcp,0.9979,non_mcp
442,127.0.0.1,127.0.0.1,7750,63764,non_mcp,0.9995,non_mcp
443,127.0.0.1,127.0.0.1,8512,63766,non_mcp,0.9995,non_mcp
444,127.0.0.1,127.0.0.1,8512,63767,non_mcp,0.9995,non_mcp
445,127.0.0.1,127.0.0.1,7750,63768,non_mcp,0.9996,non_mcp
446,127.0.0.1,127.0.0.1,7750,63769,non_mcp,0.9995,non_mcp
447,127.0.0.1,127.0.0.1,7503,63778,non_mcp,0.9962,non_mcp
448,127.0.0.1,127.0.0.1,8512,63782,non_mcp,0.9991,non_mcp
449,127.0.0.1,127.0.0.1,7750,63784,non_mcp,0.9995,non_mcp
450,127.0.0.1,127.0.0.1,8512,63785,non_mcp,0.9991,non_mcp
451,127.0.0.1,127.0.0.1,7750,63788,non_mcp,0.9995,non_mcp
452,127.0.0.1,127.0.0.1,7503,63790,non_mcp,0.9981,non_mcp
453,127.0.0.1,127.0.0.1,8512,63791,non_mcp,0.9995,non_mcp
454,127.0.0.1,127.0.0.1,7750,63796,non_mcp,0.9996,non_mcp
455,127.0.0.1,127.0.0.1,7503,63800,non_mcp,0.9982,non_mcp
456,127.0.0.1,127.0.0.1,8512,63802,non_mcp,0.9996,non_mcp
457,127.0.0.1,127.0.0.1,7750,63803,non_mcp,0.9995,non_mcp
458,127.0.0.1,127.0.0.1,8512,63804,non_mcp,0.9996,non_mcp
459,127.0.0.1,127.0.0.1,7750,63805,non_mcp,0.9992,non_mcp
460,127.0.0.1,127.0.0.1,8512,63807,non_mcp,0.9995,non_mcp
461,127.0.0.1,127.0.0.1,7750,63809,non_mcp,0.9996,non_mcp
462,127.0.0.1,127.0.0.1,7503,63811,non_mcp,0.9983,non_mcp
463,127.0.0.1,127.0.0.1,8512,63816,non_mcp,0.9995,non_mcp
464,127.0.0.1,127.0.0.1,8512,63817,non_mcp,0.9996,non_mcp
465,127.0.0.1,127.0.0.1,7750,63818,non_mcp,0.999,non_mcp
466,127.0.0.1,127.0.0.1,7750,63819,non_mcp,0.9995,non_mcp
467,127.0.0.1,127.0.0.1,7750,63820,non_mcp,0.9992,non_mcp
468,127.0.0.1,127.0.0.1,8512,63821,non_mcp,0.9996,non_mcp
469,127.0.0.1,127.0.0.1,7503,63824,non_mcp,0.9983,non_mcp
470,127.0.0.1,127.0.0.1,8512,63830,non_mcp,0.9996,non_mcp
471,127.0.0.1,127.0.0.1,8512,63831,non_mcp,0.9996,non_mcp
472,127.0.0.1,127.0.0.1,7750,63832,non_mcp,0.9995,non_mcp
473,127.0.0.1,127.0.0.1,8512,63833,non_mcp,0.9995,non_mcp
474,127.0.0.1,127.0.0.1,7750,63835,non_mcp,0.9995,non_mcp
475,127.0.0.1,127.0.0.1,7750,63837,non_mcp,0.9995,non_mcp
476,127.0.0.1,127.0.0.1,7503,63840,non_mcp,0.9985,non_mcp
477,127.0.0.1,127.0.0.1,8512,63844,non_mcp,0.9991,non_mcp
478,127.0.0.1,127.0.0.1,8512,63845,non_mcp,0.9996,non_mcp
479,127.0.0.1,127.0.0.1,8512,63846,non_mcp,0.9991,non_mcp
480,127.0.0.1,127.0.0.1,7750,63847,non_mcp,0.9996,non_mcp
481,127.0.0.1,127.0.0.1,7750,63850,non_mcp,0.9995,non_mcp
482,127.0.0.1,127.0.0.1,7503,63851,non_mcp,0.9984,non_mcp
483,127.0.0.1,127.0.0.1,7750,63854,non_mcp,0.9996,non_mcp
484,127.0.0.1,127.0.0.1,8512,63856,non_mcp,0.9991,non_mcp
485,127.0.0.1,127.0.0.1,8512,63857,non_mcp,0.9991,non_mcp
486,127.0.0.1,127.0.0.1,8512,63859,non_mcp,0.9996,non_mcp
487,127.0.0.1,127.0.0.1,7750,63860,non_mcp,0.9995,non_mcp
488,127.0.0.1,127.0.0.1,7503,63863,non_mcp,0.9985,non_mcp
489,127.0.0.1,127.0.0.1,7750,63866,non_mcp,0.9995,non_mcp
490,127.0.0.1,127.0.0.1,8512,63868,non_mcp,0.9996,non_mcp
491,127.0.0.1,127.0.0.1,8512,63869,non_mcp,0.9994,non_mcp
492,127.0.0.1,127.0.0.1,8512,63871,non_mcp,0.9994,non_mcp
493,127.0.0.1,127.0.0.1,7503,63872,non_mcp,0.9983,non_mcp
494,127.0.0.1,127.0.0.1,7750,63875,non_mcp,0.9991,non_mcp
495,127.0.0.1,127.0.0.1,7750,63877,non_mcp,0.9996,non_mcp
496,127.0.0.1,127.0.0.1,7753,54363,non_mcp,0.9996,non_mcp
497,127.0.0.1,127.0.0.1,7753,54364,non_mcp,0.9995,non_mcp
498,127.0.0.1,127.0.0.1,8092,54365,non_mcp,0.9995,non_mcp
499,127.0.0.1,127.0.0.1,8092,54366,non_mcp,0.9996,non_mcp
500,127.0.0.1,127.0.0.1,8026,54367,non_mcp,0.9979,non_mcp
501,127.0.0.1,127.0.0.1,8026,54388,non_mcp,0.9987,non_mcp
502,127.0.0.1,127.0.0.1,7753,54394,non_mcp,0.9992,non_mcp
503,127.0.0.1,127.0.0.1,7753,54395,non_mcp,0.9995,non_mcp
504,127.0.0.1,127.0.0.1,8092,54396,non_mcp,0.9996,non_mcp
505,127.0.0.1,127.0.0.1,8092,54398,non_mcp,0.9996,non_mcp
506,127.0.0.1,127.0.0.1,8026,54408,non_mcp,0.9975,non_mcp
507,127.0.0.1,127.0.0.1,7753,54416,non_mcp,0.9993,non_mcp
508,127.0.0.1,127.0.0.1,8092,54417,non_mcp,0.9996,non_mcp
509,127.0.0.1,127.0.0.1,7753,54427,non_mcp,0.9995,non_mcp
510,127.0.0.1,127.0.0.1,8092,54428,non_mcp,0.9994,non_mcp
511,127.0.0.1,127.0.0.1,8026,54430,non_mcp,0.9979,non_mcp
512,127.0.0.1,127.0.0.1,8092,54436,non_mcp,0.9995,non_mcp
513,127.0.0.1,127.0.0.1,7753,54437,non_mcp,0.9991,non_mcp
514,127.0.0.1,127.0.0.1,8026,54439,non_mcp,0.9969,non_mcp
515,127.0.0.1,127.0.0.1,8092,54440,non_mcp,0.9995,non_mcp
516,127.0.0.1,127.0.0.1,7753,54441,non_mcp,0.9991,non_mcp
517,127.0.0.1,127.0.0.1,8092,54446,non_mcp,0.9994,non_mcp
518,127.0.0.1,127.0.0.1,7753,54447,non_mcp,0.9993,non_mcp
519,127.0.0.1,127.0.0.1,8092,54449,non_mcp,0.9996,non_mcp
520,127.0.0.1,127.0.0.1,8026,54450,non_mcp,0.9943,non_mcp
521,127.0.0.1,127.0.0.1,7753,54451,non_mcp,0.9991,non_mcp
522,127.0.0.1,127.0.0.1,8092,54456,non_mcp,0.9995,non_mcp
523,127.0.0.1,127.0.0.1,7753,54458,non_mcp,0.9995,non_mcp
524,127.0.0.1,127.0.0.1,8026,54459,non_mcp,0.9977,non_mcp
525,127.0.0.1,127.0.0.1,8092,54461,non_mcp,0.9996,non_mcp
526,127.0.0.1,127.0.0.1,7753,54463,non_mcp,0.9994,non_mcp
527,127.0.0.1,127.0.0.1,8092,54465,non_mcp,0.9995,non_mcp
528,127.0.0.1,127.0.0.1,8026,54466,non_mcp,0.9978,non_mcp
529,127.0.0.1,127.0.0.1,7753,54469,non_mcp,0.9994,non_mcp
530,127.0.0.1,127.0.0.1,7753,54472,non_mcp,0.9996,non_mcp
531,127.0.0.1,127.0.0.1,8026,54474,non_mcp,0.9983,non_mcp
532,127.0.0.1,127.0.0.1,8092,54475,non_mcp,0.9991,non_mcp
533,127.0.0.1,127.0.0.1,7753,54477,non_mcp,0.9996,non_mcp
534,127.0.0.1,127.0.0.1,8092,54478,non_mcp,0.9992,non_mcp
535,127.0.0.1,127.0.0.1,7753,54479,non_mcp,0.9995,non_mcp
536,127.0.0.1,127.0.0.1,8026,54483,non_mcp,0.9983,non_mcp
537,127.0.0.1,127.0.0.1,7753,54485,non_mcp,0.9995,non_mcp
538,127.0.0.1,127.0.0.1,8092,54486,non_mcp,0.9994,non_mcp
539,127.0.0.1,127.0.0.1,8092,54487,non_mcp,0.999,non_mcp
540,127.0.0.1,127.0.0.1,8026,54488,non_mcp,0.998,non_mcp
541,127.0.0.1,127.0.0.1,8026,54491,non_mcp,0.9987,non_mcp
542,127.0.0.1,127.0.0.1,8092,27792,non_mcp,0.9995,non_mcp
543,127.0.0.1,127.0.0.1,8026,27794,non_mcp,0.9984,non_mcp
544,127.0.0.1,127.0.0.1,8092,27797,non_mcp,0.9996,non_mcp
545,127.0.0.1,127.0.0.1,8026,27799,non_mcp,0.9943,non_mcp
546,127.0.0.1,127.0.0.1,8111,27862,non_mcp,0.9994,non_mcp
547,127.0.0.1,127.0.0.1,8111,27863,non_mcp,0.9996,non_mcp
548,127.0.0.1,127.0.0.1,8111,27864,non_mcp,0.9996,non_mcp
549,127.0.0.1,127.0.0.1,8111,27865,non_mcp,0.9991,non_mcp
550,127.0.0.1,127.0.0.1,9446,27866,non_mcp,0.9992,non_mcp
551,127.0.0.1,127.0.0.1,9446,27867,non_mcp,0.9995,non_mcp
552,127.0.0.1,127.0.0.1,9446,27868,non_mcp,0.9995,non_mcp
553,127.0.0.1,127.0.0.1,7308,27869,non_mcp,0.9987,non_mcp
554,127.0.0.1,127.0.0.1,7308,27879,non_mcp,0.9994,non_mcp
555,127.0.0.1,127.0.0.1,8111,27881,non_mcp,0.9995,non_mcp
556,127.0.0.1,127.0.0.1,8111,27882,non_mcp,0.9996,non_mcp
557,127.0.0.1,127.0.0.1,8111,27883,non_mcp,0.9995,non_mcp
558,127.0.0.1,127.0.0.1,9446,27887,non_mcp,0.9995,non_mcp
559,127.0.0.1,127.0.0.1,9446,27888,non_mcp,0.9995,non_mcp
560,127.0.0.1,127.0.0.1,9446,27889,non_mcp,0.9995,non_mcp
561,127.0.0.1,127.0.0.1,8111,27891,non_mcp,0.9995,non_mcp
562,127.0.0.1,127.0.0.1,7308,27906,non_mcp,0.9985,non_mcp
563,127.0.0.1,127.0.0.1,8111,27915,non_mcp,0.9991,non_mcp
564,127.0.0.1,127.0.0.1,8111,27918,non_mcp,0.9995,non_mcp
565,127.0.0.1,127.0.0.1,8111,27922,non_mcp,0.9993,non_mcp
566,127.0.0.1,127.0.0.1,9446,27926,non_mcp,0.9996,non_mcp
567,127.0.0.1,127.0.0.1,7308,27928,non_mcp,0.9987,non_mcp
568,127.0.0.1,127.0.0.1,9446,27935,non_mcp,0.9995,non_mcp
569,127.0.0.1,127.0.0.1,8111,27936,non_mcp,0.9995,non_mcp
570,127.0.0.1,127.0.0.1,9446,27937,non_mcp,0.9995,non_mcp
571,127.0.0.1,127.0.0.1,8111,27939,non_mcp,0.9995,non_mcp
572,127.0.0.1,127.0.0.1,8111,27942,non_mcp,0.9996,non_mcp
573,127.0.0.1,127.0.0.1,8111,27944,non_mcp,0.9992,non_mcp
574,127.0.0.1,127.0.0.1,9446,27945,non_mcp,0.9994,non_mcp
575,127.0.0.1,127.0.0.1,7308,27955,non_mcp,0.9991,non_mcp
576,127.0.0.1,127.0.0.1,8111,27958,non_mcp,0.9995,non_mcp
577,127.0.0.1,127.0.0.1,9446,27961,non_mcp,0.9996,non_mcp
578,127.0.0.1,127.0.0.1,9446,27966,non_mcp,0.9995,non_mcp
579,127.0.0.1,127.0.0.1,8111,27967,non_mcp,0.9996,non_mcp
580,127.0.0.1,127.0.0.1,8111,27969,non_mcp,0.9991,non_mcp
581,127.0.0.1,127.0.0.1,7308,38877,non_mcp,0.9985,non_mcp
582,127.0.0.1,127.0.0.1,9446,38878,non_mcp,0.9996,non_mcp
583,127.0.0.1,127.0.0.1,8111,38887,non_mcp,0.9991,non_mcp
584,127.0.0.1,127.0.0.1,8111,38890,non_mcp,0.9996,non_mcp
585,127.0.0.1,127.0.0.1,8111,38891,non_mcp,0.9994,non_mcp
586,127.0.0.1,127.0.0.1,9446,38892,non_mcp,0.9995,non_mcp
587,127.0.0.1,127.0.0.1,8111,38895,non_mcp,0.9995,non_mcp
588,127.0.0.1,127.0.0.1,9446,38898,non_mcp,0.9995,non_mcp
589,127.0.0.1,127.0.0.1,7308,38900,non_mcp,0.9979,non_mcp
590,127.0.0.1,127.0.0.1,9446,52618,non_mcp,0.9995,non_mcp
591,127.0.0.1,127.0.0.1,8111,52625,non_mcp,0.9991,non_mcp
592,127.0.0.1,127.0.0.1,8111,52627,non_mcp,0.9994,non_mcp
593,127.0.0.1,127.0.0.1,8111,52632,non_mcp,0.9996,non_mcp
594,127.0.0.1,127.0.0.1,7308,52633,non_mcp,0.9955,non_mcp
595,127.0.0.1,127.0.0.1,8111,52635,non_mcp,0.9995,non_mcp
596,127.0.0.1,127.0.0.1,9446,52637,non_mcp,0.9995,non_mcp
597,127.0.0.1,127.0.0.1,9446,52639,non_mcp,0.9995,non_mcp
598,127.0.0.1,127.0.0.1,9446,52641,non_mcp,0.9995,non_mcp
599,127.0.0.1,127.0.0.1,8111,52642,non_mcp,0.9993,non_mcp
600,127.0.0.1,127.0.0.1,7308,52647,non_mcp,0.9983,non_mcp
601,127.0.0.1,127.0.0.1,8111,52652,non_mcp,0.9995,non_mcp
602,127.0.0.1,127.0.0.1,8111,52662,non_mcp,0.9995,non_mcp
603,127.0.0.1,127.0.0.1,7308,52665,non_mcp,0.9983,non_mcp
604,127.0.0.1,127.0.0.1,8111,52669,non_mcp,0.9994,non_mcp
605,127.0.0.1,127.0.0.1,9446,52670,non_mcp,0.9994,non_mcp
606,127.0.0.1,127.0.0.1,9446,52672,non_mcp,0.9995,non_mcp
607,127.0.0.1,127.0.0.1,9446,52675,non_mcp,0.9995,non_mcp
608,127.0.0.1,127.0.0.1,8111,64339,non_mcp,0.9995,non_mcp
609,127.0.0.1,127.0.0.1,6159,7308,non_mcp,0.9994,non_mcp
610,127.0.0.1,127.0.0.1,6163,8111,non_mcp,0.9995,non_mcp
611,127.0.0.1,127.0.0.1,6164,8111,non_mcp,0.9996,non_mcp
612,127.0.0.1,127.0.0.1,6168,9446,non_mcp,0.9996,non_mcp
613,127.0.0.1,127.0.0.1,6170,9446,non_mcp,0.9994,non_mcp
614,127.0.0.1,127.0.0.1,7308,38308,non_mcp,0.9981,non_mcp
615,127.0.0.1,127.0.0.1,8111,38311,non_mcp,0.9996,non_mcp
616,127.0.0.1,127.0.0.1,8111,38313,non_mcp,0.9993,non_mcp
617,127.0.0.1,127.0.0.1,9446,38316,non_mcp,0.9994,non_mcp
618,127.0.0.1,127.0.0.1,9446,26200,non_mcp,0.9996,non_mcp
619,127.0.0.1,127.0.0.1,7308,26201,non_mcp,0.9975,non_mcp
620,127.0.0.1,127.0.0.1,8111,26204,non_mcp,0.9995,non_mcp
621,127.0.0.1,127.0.0.1,8111,26206,non_mcp,0.9996,non_mcp
622,127.0.0.1,127.0.0.1,7308,26209,non_mcp,0.9982,non_mcp
623,127.0.0.1,127.0.0.1,8443,48631,mcp,0.9988,mcp
624,127.0.0.1,127.0.0.1,8443,48632,mcp,0.9967,mcp
625,127.0.0.1,127.0.0.1,8443,48635,mcp,0.9982,mcp
626,127.0.0.1,127.0.0.1,8443,48636,mcp,0.9983,mcp
627,127.0.0.1,127.0.0.1,8443,48644,mcp,0.999,mcp
628,127.0.0.1,127.0.0.1,8443,48646,mcp,0.9983,mcp
629,127.0.0.1,127.0.0.1,8443,48661,mcp,0.9988,mcp
630,127.0.0.1,127.0.0.1,8443,48665,mcp,0.9973,mcp
631,127.0.0.1,127.0.0.1,8443,48668,mcp,0.9988,mcp
632,127.0.0.1,127.0.0.1,8443,48671,mcp,0.9982,mcp
633,127.0.0.1,127.0.0.1,8443,48672,mcp,0.9985,mcp
634,127.0.0.1,127.0.0.1,8443,48675,mcp,0.9984,mcp
635,127.0.0.1,127.0.0.1,8443,48684,mcp,0.9983,mcp
636,127.0.0.1,127.0.0.1,8443,48687,mcp,0.9972,mcp
637,127.0.0.1,127.0.0.1,8443,48691,mcp,0.9988,mcp
638,127.0.0.1,127.0.0.1,8443,48694,mcp,0.997,mcp
639,127.0.0.1,127.0.0.1,8443,48695,mcp,0.9989,mcp
640,127.0.0.1,127.0.0.1,8443,48697,mcp,0.9981,mcp
641,127.0.0.1,127.0.0.1,8443,48708,mcp,0.9986,mcp
642,127.0.0.1,127.0.0.1,8443,48711,mcp,0.9972,mcp
643,127.0.0.1,127.0.0.1,8443,48714,mcp,0.9987,mcp
644,127.0.0.1,127.0.0.1,8443,48716,mcp,0.9981,mcp
645,127.0.0.1,127.0.0.1,8443,26935,mcp,0.9976,mcp
646,127.0.0.1,127.0.0.1,8443,26936,mcp,0.9963,mcp
647,127.0.0.1,127.0.0.1,8443,26937,mcp,0.9965,mcp
648,127.0.0.1,127.0.0.1,8443,26941,mcp,0.998,mcp
649,127.0.0.1,127.0.0.1,8443,26942,mcp,0.9982,mcp
650,127.0.0.1,127.0.0.1,8443,26943,mcp,0.9978,mcp
651,127.0.0.1,127.0.0.1,8443,26958,mcp,0.9991,mcp
652,127.0.0.1,127.0.0.1,8443,26961,mcp,0.9983,mcp
653,127.0.0.1,127.0.0.1,8443,26970,mcp,0.9986,mcp
654,127.0.0.1,127.0.0.1,8443,26973,mcp,0.9983,mcp
655,127.0.0.1,127.0.0.1,8443,26988,mcp,0.9986,mcp
656,127.0.0.1,127.0.0.1,8443,26993,mcp,0.9983,mcp
657,127.0.0.1,127.0.0.1,8443,26997,mcp,0.9986,mcp
658,127.0.0.1,127.0.0.1,8443,27001,mcp,0.9984,mcp
659,127.0.0.1,127.0.0.1,8443,27010,mcp,0.9989,mcp
660,127.0.0.1,127.0.0.1,8443,27014,mcp,0.9982,mcp
661,127.0.0.1,127.0.0.1,8443,27024,mcp,0.9989,mcp
662,127.0.0.1,127.0.0.1,8443,27027,mcp,0.9979,mcp
663,127.0.0.1,127.0.0.1,8443,27037,mcp,0.996,mcp
664,127.0.0.1,127.0.0.1,8443,27041,mcp,0.9979,mcp
665,127.0.0.1,127.0.0.1,8443,27046,mcp,0.9987,mcp
666,127.0.0.1,127.0.0.1,8443,27049,mcp,0.9981,mcp
667,127.0.0.1,127.0.0.1,8443,27053,mcp,0.9446,mcp
668,127.0.0.1,127.0.0.1,8443,27056,mcp,0.9681,mcp
669,127.0.0.1,127.0.0.1,8443,27058,mcp,0.9968,mcp
670,127.0.0.1,127.0.0.1,8443,27061,mcp,0.7773,mcp
671,127.0.0.1,127.0.0.1,5002,48637,non_mcp,0.9995,non_mcp
672,127.0.0.1,127.0.0.1,5002,48638,non_mcp,0.9995,non_mcp
673,127.0.0.1,127.0.0.1,5001,48639,non_mcp,0.9996,non_mcp
674,127.0.0.1,127.0.0.1,5001,48640,non_mcp,0.9996,non_mcp
675,127.0.0.1,127.0.0.1,5443,48641,non_mcp,0.9985,non_mcp
676,127.0.0.1,127.0.0.1,5443,48651,non_mcp,0.9988,non_mcp
677,127.0.0.1,127.0.0.1,5002,48653,non_mcp,0.9996,non_mcp
678,127.0.0.1,127.0.0.1,5001,48654,non_mcp,0.9994,non_mcp
679,127.0.0.1,127.0.0.1,5002,48655,non_mcp,0.9991,non_mcp
680,127.0.0.1,127.0.0.1,5001,48656,non_mcp,0.9995,non_mcp
681,127.0.0.1,127.0.0.1,5443,48663,non_mcp,0.9984,non_mcp
682,127.0.0.1,127.0.0.1,5002,48676,non_mcp,0.9993,non_mcp
683,127.0.0.1,127.0.0.1,5001,48678,non_mcp,0.9994,non_mcp
684,127.0.0.1,127.0.0.1,5002,48679,non_mcp,0.9995,non_mcp
685,127.0.0.1,127.0.0.1,5443,48680,non_mcp,0.998,non_mcp
686,127.0.0.1,127.0.0.1,5001,48686,non_mcp,0.9996,non_mcp
687,127.0.0.1,127.0.0.1,5002,48699,non_mcp,0.9996,non_mcp
688,127.0.0.1,127.0.0.1,5002,48700,non_mcp,0.9996,non_mcp
689,127.0.0.1,127.0.0.1,5001,48703,non_mcp,0.9996,non_mcp
690,127.0.0.1,127.0.0.1,5443,48704,non_mcp,0.9994,non_mcp
691,127.0.0.1,127.0.0.1,5001,48710,non_mcp,0.9995,non_mcp
692,127.0.0.1,127.0.0.1,5002,48713,non_mcp,0.9996,non_mcp
693,127.0.0.1,127.0.0.1,5002,48717,non_mcp,0.9996,non_mcp
694,127.0.0.1,127.0.0.1,5443,48718,non_mcp,0.9948,non_mcp
695,127.0.0.1,127.0.0.1,5001,48719,non_mcp,0.9996,non_mcp
696,127.0.0.1,127.0.0.1,5443,48721,non_mcp,0.9983,non_mcp
697,127.0.0.1,127.0.0.1,5443,48723,non_mcp,0.9988,non_mcp
698,127.0.0.1,127.0.0.1,5443,48725,non_mcp,0.9982,non_mcp
699,127.0.0.1,127.0.0.1,5443,48727,non_mcp,0.9943,non_mcp
700,127.0.0.1,127.0.0.1,5443,48729,non_mcp,0.9985,non_mcp
701,127.0.0.1,127.0.0.1,5443,48731,non_mcp,0.9977,non_mcp
702,127.0.0.1,127.0.0.1,5443,48733,non_mcp,0.9985,non_mcp
703,127.0.0.1,127.0.0.1,5002,26944,non_mcp,0.9996,non_mcp
704,127.0.0.1,127.0.0.1,5002,26945,non_mcp,0.9993,non_mcp
705,127.0.0.1,127.0.0.1,5002,26946,non_mcp,0.9991,non_mcp
706,127.0.0.1,127.0.0.1,5001,26947,non_mcp,0.9995,non_mcp
707,127.0.0.1,127.0.0.1,5001,26948,non_mcp,0.999,non_mcp
708,127.0.0.1,127.0.0.1,5001,26949,non_mcp,0.999,non_mcp
709,127.0.0.1,127.0.0.1,5443,26950,non_mcp,0.9982,non_mcp
710,127.0.0.1,127.0.0.1,5443,26962,non_mcp,0.9985,non_mcp
711,127.0.0.1,127.0.0.1,5002,26964,non_mcp,0.9996,non_mcp
712,127.0.0.1,127.0.0.1,5002,26966,non_mcp,0.9991,non_mcp
713,127.0.0.1,127.0.0.1,5001,26967,non_mcp,0.9995,non_mcp
714,127.0.0.1,127.0.0.1,5002,26969,non_mcp,0.9996,non_mcp
715,127.0.0.1,127.0.0.1,5001,26972,non_mcp,0.9995,non_mcp
716,127.0.0.1,127.0.0.1,5001,26976,non_mcp,0.9996,non_mcp
717,127.0.0.1,127.0.0.1,5443,26978,non_mcp,0.9957,non_mcp
718,127.0.0.1,127.0.0.1,5002,26981,non_mcp,0.9993,non_mcp
719,127.0.0.1,127.0.0.1,5002,26985,non_mcp,0.9995,non_mcp
720,127.0.0.1,127.0.0.1,5001,26986,non_mcp,0.9995,non_mcp
721,127.0.0.1,127.0.0.1,5002,26989,non_mcp,0.9994,non_mcp
722,127.0.0.1,127.0.0.1,5001,26995,non_mcp,0.9995,non_mcp
723,127.0.0.1,127.0.0.1,5443,26996,non_mcp,0.9957,non_mcp
724,127.0.0.1,127.0.0.1,5001,26999,non_mcp,0.9995,non_mcp
725,127.0.0.1,127.0.0.1,5002,27003,non_mcp,0.9995,non_mcp
726,127.0.0.1,127.0.0.1,5001,27005,non_mcp,0.9995,non_mcp
727,127.0.0.1,127.0.0.1,5002,27007,non_mcp,0.9995,non_mcp
728,127.0.0.1,127.0.0.1,5002,27009,non_mcp,0.9996,non_mcp
729,127.0.0.1,127.0.0.1,5001,27013,non_mcp,0.9995,non_mcp
730,127.0.0.1,127.0.0.1,5443,27019,non_mcp,0.9988,non_mcp
731,127.0.0.1,127.0.0.1,5001,27022,non_mcp,0.9995,non_mcp
732,127.0.0.1,127.0.0.1,5002,27026,non_mcp,0.9995,non_mcp
733,127.0.0.1,127.0.0.1,5002,27028,non_mcp,0.9991,non_mcp
734,127.0.0.1,127.0.0.1,5001,27029,non_mcp,0.9995,non_mcp
735,127.0.0.1,127.0.0.1,5001,27030,non_mcp,0.9995,non_mcp
736,127.0.0.1,127.0.0.1,5002,27031,non_mcp,0.9995,non_mcp
737,127.0.0.1,127.0.0.1,5443,27034,non_mcp,0.9987,non_mcp
738,127.0.0.1,127.0.0.1,5001,27052,non_mcp,0.9995,non_mcp
739,127.0.0.1,127.0.0.1,5443,27055,non_mcp,0.9982,non_mcp
740,127.0.0.1,127.0.0.1,5002,27059,non_mcp,0.9994,non_mcp
741,127.0.0.1,127.0.0.1,5002,27060,non_mcp,0.9995,non_mcp
742,127.0.0.1,127.0.0.1,5001,27063,non_mcp,0.9995,non_mcp
743,127.0.0.1,127.0.0.1,5001,27065,non_mcp,0.9995,non_mcp
744,127.0.0.1,127.0.0.1,5002,27066,non_mcp,0.9996,non_mcp
745,127.0.0.1,127.0.0.1,5002,27069,non_mcp,0.9996,non_mcp
746,127.0.0.1,127.0.0.1,5443,27070,non_mcp,0.9982,non_mcp
747,127.0.0.1,127.0.0.1,5002,27073,non_mcp,0.9996,non_mcp
748,127.0.0.1,127.0.0.1,5001,27075,non_mcp,0.9993,non_mcp
749,127.0.0.1,127.0.0.1,5001,27076,non_mcp,0.9995,non_mcp
750,127.0.0.1,127.0.0.1,5002,27077,non_mcp,0.9994,non_mcp
751,127.0.0.1,127.0.0.1,5443,27078,non_mcp,0.9984,non_mcp
752,127.0.0.1,127.0.0.1,5443,27081,non_mcp,0.9984,non_mcp
753,127.0.0.1,127.0.0.1,5001,27082,non_mcp,0.9996,non_mcp
754,127.0.0.1,127.0.0.1,5443,27084,non_mcp,0.9982,non_mcp
755,127.0.0.1,127.0.0.1,5443,27086,non_mcp,0.9957,non_mcp
756,127.0.0.1,127.0.0.1,5443,27090,non_mcp,0.994,non_mcp
757,127.0.0.1,127.0.0.1,7954,30436,mcp,0.9989,mcp
758,127.0.0.1,127.0.0.1,7954,30437,mcp,0.9965,mcp
759,127.0.0.1,127.0.0.1,7954,30438,mcp,0.9976,mcp
760,127.0.0.1,127.0.0.1,7954,30442,mcp,0.9982,mcp
761,127.0.0.1,127.0.0.1,7954,30443,mcp,0.9981,mcp
762,127.0.0.1,127.0.0.1,7954,30444,mcp,0.998,mcp
763,127.0.0.1,127.0.0.1,7954,30457,mcp,0.9988,mcp
764,127.0.0.1,127.0.0.1,7954,30460,mcp,0.9977,mcp
765,127.0.0.1,127.0.0.1,7954,30468,mcp,0.9991,mcp
766,127.0.0.1,127.0.0.1,7954,30471,mcp,0.9983,mcp
767,127.0.0.1,127.0.0.1,7954,30475,mcp,0.9991,mcp
768,127.0.0.1,127.0.0.1,7954,30478,mcp,0.9983,mcp
769,127.0.0.1,127.0.0.1,7954,30485,mcp,0.9989,mcp
770,127.0.0.1,127.0.0.1,7954,30488,mcp,0.9983,mcp
771,127.0.0.1,127.0.0.1,7954,30492,mcp,0.9989,mcp
772,127.0.0.1,127.0.0.1,7954,30498,mcp,0.9978,mcp
773,127.0.0.1,127.0.0.1,7954,30505,mcp,0.9986,mcp
774,127.0.0.1,127.0.0.1,7954,30510,mcp,0.9982,mcp
775,127.0.0.1,127.0.0.1,7954,30515,mcp,0.9988,mcp
776,127.0.0.1,127.0.0.1,7954,30517,mcp,0.9991,mcp
777,127.0.0.1,127.0.0.1,7954,30520,mcp,0.9982,mcp
778,127.0.0.1,127.0.0.1,7954,30521,mcp,0.9978,mcp
779,127.0.0.1,127.0.0.1,7954,30528,mcp,0.9985,mcp
780,127.0.0.1,127.0.0.1,7954,30534,mcp,0.9977,mcp
781,127.0.0.1,127.0.0.1,7495,36891,mcp,0.996,mcp
782,127.0.0.1,127.0.0.1,7495,36892,mcp,0.9988,mcp
783,127.0.0.1,127.0.0.1,7495,36893,mcp,0.9968,mcp
784,127.0.0.1,127.0.0.1,7495,36894,mcp,0.9964,mcp
785,127.0.0.1,127.0.0.1,7495,36899,mcp,0.9982,mcp
786,127.0.0.1,127.0.0.1,7495,36900,mcp,0.9975,mcp
787,127.0.0.1,127.0.0.1,7495,36901,mcp,0.9981,mcp
788,127.0.0.1,127.0.0.1,7495,36902,mcp,0.9983,mcp
789,127.0.0.1,127.0.0.1,7495,36904,mcp,0.9989,mcp
790,127.0.0.1,127.0.0.1,7495,36914,mcp,0.9982,mcp
791,127.0.0.1,127.0.0.1,7495,36916,mcp,0.9986,mcp
792,127.0.0.1,127.0.0.1,7495,36919,mcp,0.9983,mcp
793,127.0.0.1,127.0.0.1,7495,36923,mcp,0.9986,mcp
794,127.0.0.1,127.0.0.1,7495,36928,mcp,0.9983,mcp
795,127.0.0.1,127.0.0.1,7495,36929,mcp,0.994,mcp
796,127.0.0.1,127.0.0.1,7495,36932,mcp,0.9981,mcp
797,127.0.0.1,127.0.0.1,7495,36937,mcp,0.9988,mcp
798,127.0.0.1,127.0.0.1,7495,36939,mcp,0.9971,mcp
799,127.0.0.1,127.0.0.1,7495,36945,mcp,0.9986,mcp
800,127.0.0.1,127.0.0.1,7495,36950,mcp,0.9982,mcp
801,127.0.0.1,127.0.0.1,7495,36954,mcp,0.9984,mcp
802,127.0.0.1,127.0.0.1,7495,36957,mcp,0.9982,mcp
803,127.0.0.1,127.0.0.1,7495,36963,mcp,0.9989,mcp
804,127.0.0.1,127.0.0.1,7495,36966,mcp,0.9982,mcp
805,127.0.0.1,127.0.0.1,7495,9181,mcp,0.9983,mcp
806,127.0.0.1,127.0.0.1,7495,9184,mcp,0.997,mcp
807,127.0.0.1,127.0.0.1,7495,9191,mcp,0.9991,mcp
808,127.0.0.1,127.0.0.1,7495,9192,mcp,0.9976,mcp
809,127.0.0.1,127.0.0.1,7495,9195,mcp,0.9991,mcp
810,127.0.0.1,127.0.0.1,7495,9200,mcp,0.997,mcp
811,127.0.0.1,127.0.0.1,7495,9201,mcp,0.9962,mcp
812,127.0.0.1,127.0.0.1,7495,9202,mcp,0.9965,mcp
813,127.0.0.1,127.0.0.1,7495,9203,mcp,0.9984,mcp
814,127.0.0.1,127.0.0.1,7495,9206,mcp,0.9977,mcp
815,127.0.0.1,127.0.0.1,7495,9211,mcp,0.999,mcp
816,127.0.0.1,127.0.0.1,7495,9216,mcp,0.9979,mcp
817,127.0.0.1,127.0.0.1,7495,9224,mcp,0.9421,mcp
818,127.0.0.1,127.0.0.1,8124,30445,non_mcp,0.9991,non_mcp
819,127.0.0.1,127.0.0.1,8124,30446,non_mcp,0.9993,non_mcp
820,127.0.0.1,127.0.0.1,8124,30447,non_mcp,0.9993,non_mcp
821,127.0.0.1,127.0.0.1,7890,30448,non_mcp,0.9995,non_mcp
822,127.0.0.1,127.0.0.1,7890,30449,non_mcp,0.9996,non_mcp
823,127.0.0.1,127.0.0.1,7890,30450,non_mcp,0.9992,non_mcp
824,127.0.0.1,127.0.0.1,9255,30451,non_mcp,0.9981,non_mcp
825,127.0.0.1,127.0.0.1,8124,30464,non_mcp,0.9995,non_mcp
826,127.0.0.1,127.0.0.1,8124,30465,non_mcp,0.9995,non_mcp
827,127.0.0.1,127.0.0.1,7890,30466,non_mcp,0.9992,non_mcp
828,127.0.0.1,127.0.0.1,8124,30467,non_mcp,0.9996,non_mcp
829,127.0.0.1,127.0.0.1,9255,30470,non_mcp,0.9977,non_mcp
830,127.0.0.1,127.0.0.1,7890,30474,non_mcp,0.9995,non_mcp
831,127.0.0.1,127.0.0.1,7890,30479,non_mcp,0.9995,non_mcp
832,127.0.0.1,127.0.0.1,9255,30489,non_mcp,0.9976,non_mcp
833,127.0.0.1,127.0.0.1,7890,30494,non_mcp,0.9995,non_mcp
834,127.0.0.1,127.0.0.1,8124,30495,non_mcp,0.9996,non_mcp
835,127.0.0.1,127.0.0.1,8124,30496,non_mcp,0.9996,non_mcp
836,127.0.0.1,127.0.0.1,8124,30499,non_mcp,0.9991,non_mcp
837,127.0.0.1,127.0.0.1,7890,30501,non_mcp,0.9994,non_mcp
838,127.0.0.1,127.0.0.1,9255,30508,non_mcp,0.9948,non_mcp
839,127.0.0.1,127.0.0.1,7890,30513,non_mcp,0.9995,non_mcp
840,127.0.0.1,127.0.0.1,8124,30519,non_mcp,0.9996,non_mcp
841,127.0.0.1,127.0.0.1,8124,30522,non_mcp,0.9996,non_mcp
842,127.0.0.1,127.0.0.1,8124,30524,non_mcp,0.9996,non_mcp
843,127.0.0.1,127.0.0.1,7890,30531,non_mcp,0.9995,non_mcp
844,127.0.0.1,127.0.0.1,7890,30532,non_mcp,0.9995,non_mcp
845,127.0.0.1,127.0.0.1,9255,30533,non_mcp,0.9983,non_mcp
846,127.0.0.1,127.0.0.1,8124,30535,non_mcp,0.9993,non_mcp
847,127.0.0.1,127.0.0.1,7890,36664,non_mcp,0.9995,non_mcp
848,127.0.0.1,127.0.0.1,8124,36667,non_mcp,0.9995,non_mcp
849,127.0.0.1,127.0.0.1,8124,36668,non_mcp,0.9996,non_mcp
850,127.0.0.1,127.0.0.1,9255,36671,non_mcp,0.9982,non_mcp
851,127.0.0.1,127.0.0.1,7890,36672,non_mcp,0.9995,non_mcp
852,127.0.0.1,127.0.0.1,8124,36674,non_mcp,0.9991,non_mcp
853,127.0.0.1,127.0.0.1,7890,36676,non_mcp,0.9996,non_mcp
854,127.0.0.1,127.0.0.1,8124,36677,non_mcp,0.9996,non_mcp
855,127.0.0.1,127.0.0.1,8124,36679,non_mcp,0.9996,non_mcp
856,127.0.0.1,127.0.0.1,9255,56876,non_mcp,0.9993,non_mcp
857,127.0.0.1,127.0.0.1,7890,56878,non_mcp,0.9995,non_mcp
858,127.0.0.1,127.0.0.1,8124,56879,non_mcp,0.9993,non_mcp
859,127.0.0.1,127.0.0.1,8124,56880,non_mcp,0.9996,non_mcp
860,127.0.0.1,127.0.0.1,8124,56881,non_mcp,0.9994,non_mcp
861,127.0.0.1,127.0.0.1,9255,56884,non_mcp,0.9977,non_mcp
862,127.0.0.1,127.0.0.1,8124,56886,non_mcp,0.9996,non_mcp
863,127.0.0.1,127.0.0.1,8124,56887,non_mcp,0.9994,non_mcp
864,127.0.0.1,127.0.0.1,9255,56888,non_mcp,0.9985,non_mcp
865,127.0.0.1,127.0.0.1,9255,56890,non_mcp,0.9957,non_mcp
866,127.0.0.1,127.0.0.1,9255,56892,non_mcp,0.9983,non_mcp
867,127.0.0.1,127.0.0.1,9255,56894,non_mcp,0.9982,non_mcp
868,127.0.0.1,127.0.0.1,9255,47756,non_mcp,0.9976,non_mcp
869,127.0.0.1,127.0.0.1,9163,36907,non_mcp,0.9994,non_mcp
870,127.0.0.1,127.0.0.1,9163,36908,non_mcp,0.9991,non_mcp
871,127.0.0.1,127.0.0.1,9163,36909,non_mcp,0.9996,non_mcp
872,127.0.0.1,127.0.0.1,9163,36910,non_mcp,0.9996,non_mcp
873,127.0.0.1,127.0.0.1,7197,36911,non_mcp,0.9995,non_mcp
874,127.0.0.1,127.0.0.1,7197,36912,non_mcp,0.9994,non_mcp
875,127.0.0.1,127.0.0.1,7197,36913,non_mcp,0.9992,non_mcp
876,127.0.0.1,127.0.0.1,7951,36915,non_mcp,0.9983,non_mcp
877,127.0.0.1,127.0.0.1,9163,36936,non_mcp,0.9995,non_mcp
878,127.0.0.1,127.0.0.1,9163,36940,non_mcp,0.9993,non_mcp
879,127.0.0.1,127.0.0.1,7197,36942,non_mcp,0.9996,non_mcp
880,127.0.0.1,127.0.0.1,7951,36943,non_mcp,0.9993,non_mcp
881,127.0.0.1,127.0.0.1,9163,36947,non_mcp,0.9995,non_mcp
882,127.0.0.1,127.0.0.1,9163,36951,non_mcp,0.9995,non_mcp
883,127.0.0.1,127.0.0.1,7197,36956,non_mcp,0.9995,non_mcp
884,127.0.0.1,127.0.0.1,7197,36958,non_mcp,0.9994,non_mcp
885,127.0.0.1,127.0.0.1,7951,36970,non_mcp,0.9985,non_mcp
886,127.0.0.1,127.0.0.1,9163,36972,non_mcp,0.9991,non_mcp
887,127.0.0.1,127.0.0.1,9163,36973,non_mcp,0.9995,non_mcp
888,127.0.0.1,127.0.0.1,7197,36974,non_mcp,0.9995,non_mcp
889,127.0.0.1,127.0.0.1,9163,9174,non_mcp,0.9996,non_mcp
890,127.0.0.1,127.0.0.1,9163,9176,non_mcp,0.9991,non_mcp
891,127.0.0.1,127.0.0.1,7197,9178,non_mcp,0.9994,non_mcp
892,127.0.0.1,127.0.0.1,7951,9189,non_mcp,0.9977,non_mcp
893,127.0.0.1,127.0.0.1,7197,9199,non_mcp,0.9994,non_mcp
894,127.0.0.1,127.0.0.1,9163,9205,non_mcp,0.9991,non_mcp
895,127.0.0.1,127.0.0.1,9163,9207,non_mcp,0.9991,non_mcp
896,127.0.0.1,127.0.0.1,7197,9208,non_mcp,0.9994,non_mcp
897,127.0.0.1,127.0.0.1,9163,9209,non_mcp,0.9996,non_mcp
898,127.0.0.1,127.0.0.1,9163,9215,non_mcp,0.9996,non_mcp
899,127.0.0.1,127.0.0.1,7951,9220,non_mcp,0.9979,non_mcp
900,127.0.0.1,127.0.0.1,7197,9221,non_mcp,0.9996,non_mcp
901,127.0.0.1,127.0.0.1,9163,9227,non_mcp,0.9996,non_mcp
902,127.0.0.1,127.0.0.1,7197,9228,non_mcp,0.9995,non_mcp
903,127.0.0.1,127.0.0.1,9163,9229,non_mcp,0.9996,non_mcp
904,127.0.0.1,127.0.0.1,9163,9230,non_mcp,0.9995,non_mcp
905,127.0.0.1,127.0.0.1,7197,9231,non_mcp,0.9995,non_mcp
906,127.0.0.1,127.0.0.1,9163,9232,non_mcp,0.9996,non_mcp
907,127.0.0.1,127.0.0.1,7951,9234,non_mcp,0.9978,non_mcp
908,127.0.0.1,127.0.0.1,7197,9237,non_mcp,0.9995,non_mcp
909,127.0.0.1,127.0.0.1,7197,9239,non_mcp,0.9995,non_mcp
910,127.0.0.1,127.0.0.1,9163,9240,non_mcp,0.9994,non_mcp
911,127.0.0.1,127.0.0.1,7951,9241,non_mcp,0.9933,non_mcp
912,127.0.0.1,127.0.0.1,7197,9244,non_mcp,0.9995,non_mcp
913,127.0.0.1,127.0.0.1,9163,9246,non_mcp,0.9994,non_mcp
914,127.0.0.1,127.0.0.1,7951,9247,non_mcp,0.998,non_mcp
915,127.0.0.1,127.0.0.1,7197,9249,non_mcp,0.9996,non_mcp
916,127.0.0.1,127.0.0.1,7197,9252,non_mcp,0.9996,non_mcp
917,127.0.0.1,127.0.0.1,7951,9253,non_mcp,0.998,non_mcp
918,127.0.0.1,127.0.0.1,7197,9255,non_mcp,0.9996,non_mcp
919,127.0.0.1,127.0.0.1,7951,9257,non_mcp,0.9982,non_mcp
920,127.0.0.1,127.0.0.1,7197,9259,non_mcp,0.9995,non_mcp
921,127.0.0.1,127.0.0.1,7951,9260,non_mcp,0.9985,non_mcp
922,127.0.0.1,127.0.0.1,7951,9262,non_mcp,0.9985,non_mcp
923,127.0.0.1,127.0.0.1,7951,9264,non_mcp,0.9982,non_mcp
924,127.0.0.1,127.0.0.1,7555,58701,mcp,0.9991,mcp
925,127.0.0.1,127.0.0.1,7555,58702,mcp,0.9963,mcp
926,127.0.0.1,127.0.0.1,7555,58705,mcp,0.9982,mcp
927,127.0.0.1,127.0.0.1,7555,58706,mcp,0.9979,mcp
928,127.0.0.1,127.0.0.1,7555,58722,mcp,0.999,mcp
929,127.0.0.1,127.0.0.1,7555,58725,mcp,0.9985,mcp
930,127.0.0.1,127.0.0.1,7555,58728,mcp,0.9983,mcp
931,127.0.0.1,127.0.0.1,7555,58729,mcp,0.9981,mcp
932,127.0.0.1,127.0.0.1,7555,58738,mcp,0.9983,mcp
933,127.0.0.1,127.0.0.1,7555,58740,mcp,0.9982,mcp
934,127.0.0.1,127.0.0.1,7555,58744,mcp,0.9988,mcp
935,127.0.0.1,127.0.0.1,7555,58747,mcp,0.9982,mcp
936,127.0.0.1,127.0.0.1,7555,58759,mcp,0.9991,mcp
937,127.0.0.1,127.0.0.1,7555,58762,mcp,0.9983,mcp
938,127.0.0.1,127.0.0.1,7555,58765,mcp,0.9991,mcp
939,127.0.0.1,127.0.0.1,7555,58768,mcp,0.9983,mcp
940,127.0.0.1,127.0.0.1,7555,58776,mcp,0.9969,mcp
941,127.0.0.1,127.0.0.1,7555,58779,mcp,0.9983,mcp
942,127.0.0.1,127.0.0.1,7555,58783,mcp,0.9986,mcp
943,127.0.0.1,127.0.0.1,7555,58785,mcp,0.9972,mcp
944,127.0.0.1,127.0.0.1,7555,58791,mcp,0.9988,mcp
945,127.0.0.1,127.0.0.1,7555,58794,mcp,0.998,mcp
946,127.0.0.1,127.0.0.1,7555,58801,mcp,0.9985,mcp
947,127.0.0.1,127.0.0.1,7555,58803,mcp,0.9972,mcp
948,127.0.0.1,127.0.0.1,7555,58808,mcp,0.9991,mcp
949,127.0.0.1,127.0.0.1,7555,58810,mcp,0.9989,mcp
950,127.0.0.1,127.0.0.1,7555,58813,mcp,0.9974,mcp
951,127.0.0.1,127.0.0.1,7555,58814,mcp,0.9982,mcp
952,127.0.0.1,127.0.0.1,7555,58823,mcp,0.9969,mcp
953,127.0.0.1,127.0.0.1,7555,58825,mcp,0.9971,mcp
954,127.0.0.1,127.0.0.1,8788,58911,mcp,0.997,mcp
955,127.0.0.1,127.0.0.1,8788,58912,mcp,0.9989,mcp
956,127.0.0.1,127.0.0.1,8788,58913,mcp,0.9965,mcp
957,127.0.0.1,127.0.0.1,8788,58914,mcp,0.9957,mcp
958,127.0.0.1,127.0.0.1,8788,58919,mcp,0.9983,mcp
959,127.0.0.1,127.0.0.1,8788,58920,mcp,0.9983,mcp
960,127.0.0.1,127.0.0.1,8788,58921,mcp,0.9981,mcp
961,127.0.0.1,127.0.0.1,8788,58922,mcp,0.9978,mcp
962,127.0.0.1,127.0.0.1,8788,58931,mcp,0.9989,mcp
963,127.0.0.1,127.0.0.1,8788,58933,mcp,0.9981,mcp
964,127.0.0.1,127.0.0.1,8788,58936,mcp,0.9976,mcp
965,127.0.0.1,127.0.0.1,8788,58940,mcp,0.9902,mcp
966,127.0.0.1,127.0.0.1,8788,58946,mcp,0.9991,mcp
967,127.0.0.1,127.0.0.1,8788,58949,mcp,0.9982,mcp
968,127.0.0.1,127.0.0.1,8788,58963,mcp,0.9987,mcp
969,127.0.0.1,127.0.0.1,8788,58966,mcp,0.9983,mcp
970,127.0.0.1,127.0.0.1,8788,58967,mcp,0.9988,mcp
971,127.0.0.1,127.0.0.1,8788,58970,mcp,0.998,mcp
972,127.0.0.1,127.0.0.1,8788,58976,mcp,0.999,mcp
973,127.0.0.1,127.0.0.1,8788,58983,mcp,0.9968,mcp
974,127.0.0.1,127.0.0.1,8788,58984,mcp,0.9991,mcp
975,127.0.0.1,127.0.0.1,8788,58987,mcp,0.9977,mcp
976,127.0.0.1,127.0.0.1,8788,46345,mcp,0.9984,mcp
977,127.0.0.1,127.0.0.1,8788,46348,mcp,0.9967,mcp
978,127.0.0.1,127.0.0.1,8788,46352,mcp,0.9985,mcp
979,127.0.0.1,127.0.0.1,8788,46354,mcp,0.9968,mcp
980,127.0.0.1,127.0.0.1,8788,46356,mcp,0.9421,mcp
981,127.0.0.1,127.0.0.1,8788,46365,mcp,0.9421,mcp
982,127.0.0.1,127.0.0.1,7987,14590,mcp,0.997,mcp
983,127.0.0.1,127.0.0.1,7987,14591,mcp,0.9969,mcp
984,127.0.0.1,127.0.0.1,7987,14592,mcp,0.9991,mcp
985,127.0.0.1,127.0.0.1,7987,14593,mcp,0.9969,mcp
986,127.0.0.1,127.0.0.1,7987,14594,mcp,0.997,mcp
987,127.0.0.1,127.0.0.1,7987,14600,mcp,0.998,mcp
988,127.0.0.1,127.0.0.1,7987,14601,mcp,0.9977,mcp
989,127.0.0.1,127.0.0.1,7987,14602,mcp,0.998,mcp
990,127.0.0.1,127.0.0.1,7987,14603,mcp,0.9967,mcp
991,127.0.0.1,127.0.0.1,7987,14604,mcp,0.9979,mcp
992,127.0.0.1,127.0.0.1,7987,14607,mcp,0.997,mcp
993,127.0.0.1,127.0.0.1,7987,14609,mcp,0.9989,mcp
994,127.0.0.1,127.0.0.1,7987,14616,mcp,0.9981,mcp
995,127.0.0.1,127.0.0.1,7987,14618,mcp,0.9983,mcp
996,127.0.0.1,127.0.0.1,7987,14623,mcp,0.9988,mcp
997,127.0.0.1,127.0.0.1,7987,14627,mcp,0.9983,mcp
998,127.0.0.1,127.0.0.1,7987,14628,mcp,0.9976,mcp
999,127.0.0.1,127.0.0.1,7987,14630,mcp,0.997,mcp
1000,127.0.0.1,127.0.0.1,7987,14633,mcp,0.9984,mcp
1001,127.0.0.1,127.0.0.1,7987,14634,mcp,0.9981,mcp
1002,127.0.0.1,127.0.0.1,7987,14639,mcp,0.9991,mcp
1003,127.0.0.1,127.0.0.1,7987,14641,mcp,0.9984,mcp
1004,127.0.0.1,127.0.0.1,7987,14644,mcp,0.9983,mcp
1005,127.0.0.1,127.0.0.1,7987,14646,mcp,0.9974,mcp
1006,127.0.0.1,127.0.0.1,7987,15911,mcp,0.9988,mcp
1007,127.0.0.1,127.0.0.1,7987,15914,mcp,0.9975,mcp
1008,127.0.0.1,127.0.0.1,7987,15919,mcp,0.9897,mcp
1009,127.0.0.1,127.0.0.1,7987,15922,mcp,0.9978,mcp
1010,127.0.0.1,127.0.0.1,7987,15924,mcp,0.999,mcp
1011,127.0.0.1,127.0.0.1,7987,15926,mcp,0.9979,mcp
1012,127.0.0.1,127.0.0.1,7987,15930,mcp,0.9421,mcp
1013,127.0.0.1,127.0.0.1,7987,15931,mcp,0.7773,mcp
1014,127.0.0.1,127.0.0.1,9169,58707,non_mcp,0.9995,non_mcp
1015,127.0.0.1,127.0.0.1,9169,58708,non_mcp,0.9993,non_mcp
1016,127.0.0.1,127.0.0.1,8827,58709,non_mcp,0.9995,non_mcp
1017,127.0.0.1,127.0.0.1,8827,58710,non_mcp,0.9996,non_mcp
1018,127.0.0.1,127.0.0.1,8857,58711,non_mcp,0.9987,non_mcp
1019,127.0.0.1,127.0.0.1,8857,58717,non_mcp,0.9994,non_mcp
1020,127.0.0.1,127.0.0.1,9169,58718,non_mcp,0.9994,non_mcp
1021,127.0.0.1,127.0.0.1,9169,58727,non_mcp,0.9995,non_mcp
1022,127.0.0.1,127.0.0.1,8827,58730,non_mcp,0.9995,non_mcp
1023,127.0.0.1,127.0.0.1,8827,58731,non_mcp,0.9995,non_mcp
1024,127.0.0.1,127.0.0.1,8857,58733,non_mcp,0.9949,non_mcp
1025,127.0.0.1,127.0.0.1,9169,58736,non_mcp,0.9995,non_mcp
1026,127.0.0.1,127.0.0.1,9169,58746,non_mcp,0.9991,non_mcp
1027,127.0.0.1,127.0.0.1,8827,58749,non_mcp,0.9996,non_mcp
1028,127.0.0.1,127.0.0.1,8857,58750,non_mcp,0.995,non_mcp
1029,127.0.0.1,127.0.0.1,8827,58752,non_mcp,0.9995,non_mcp
1030,127.0.0.1,127.0.0.1,9169,58753,non_mcp,0.9995,non_mcp
1031,127.0.0.1,127.0.0.1,9169,58758,non_mcp,0.9991,non_mcp
1032,127.0.0.1,127.0.0.1,8857,58761,non_mcp,0.9964,non_mcp
1033,127.0.0.1,127.0.0.1,8827,58769,non_mcp,0.9995,non_mcp
1034,127.0.0.1,127.0.0.1,8827,58770,non_mcp,0.9995,non_mcp
1035,127.0.0.1,127.0.0.1,9169,58771,non_mcp,0.9991,non_mcp
1036,127.0.0.1,127.0.0.1,8857,58773,non_mcp,0.998,non_mcp
1037,127.0.0.1,127.0.0.1,9169,58780,non_mcp,0.9992,non_mcp
1038,127.0.0.1,127.0.0.1,8827,58786,non_mcp,0.9996,non_mcp
1039,127.0.0.1,127.0.0.1,9169,58788,non_mcp,0.9993,non_mcp
1040,127.0.0.1,127.0.0.1,8827,58793,non_mcp,0.9994,non_mcp
1041,127.0.0.1,127.0.0.1,8857,58795,non_mcp,0.9979,non_mcp
1042,127.0.0.1,127.0.0.1,9169,58799,non_mcp,0.9995,non_mcp
1043,127.0.0.1,127.0.0.1,8827,58804,non_mcp,0.9994,non_mcp
1044,127.0.0.1,127.0.0.1,9169,58812,non_mcp,0.9991,non_mcp
1045,127.0.0.1,127.0.0.1,8857,58815,non_mcp,0.9982,non_mcp
1046,127.0.0.1,127.0.0.1,8827,58817,non_mcp,0.9995,non_mcp
1047,127.0.0.1,127.0.0.1,9169,58821,non_mcp,0.9996,non_mcp
1048,127.0.0.1,127.0.0.1,8857,58827,non_mcp,0.9985,non_mcp
1049,127.0.0.1,127.0.0.1,9169,58829,non_mcp,0.9991,non_mcp
1050,127.0.0.1,127.0.0.1,8827,58830,non_mcp,0.9996,non_mcp
1051,127.0.0.1,127.0.0.1,8827,58831,non_mcp,0.9995,non_mcp
1052,127.0.0.1,127.0.0.1,9169,58834,non_mcp,0.9995,non_mcp
1053,127.0.0.1,127.0.0.1,8857,58838,non_mcp,0.9951,non_mcp
1054,127.0.0.1,127.0.0.1,9169,58840,non_mcp,0.9994,non_mcp
1055,127.0.0.1,127.0.0.1,8827,58841,non_mcp,0.9995,non_mcp
1056,127.0.0.1,127.0.0.1,8827,58843,non_mcp,0.9996,non_mcp
1057,127.0.0.1,127.0.0.1,9169,58844,non_mcp,0.9996,non_mcp
1058,127.0.0.1,127.0.0.1,8857,58846,non_mcp,0.9957,non_mcp
1059,127.0.0.1,127.0.0.1,9169,58849,non_mcp,0.9996,non_mcp
1060,127.0.0.1,127.0.0.1,8827,58850,non_mcp,0.9995,non_mcp
1061,127.0.0.1,127.0.0.1,8827,58851,non_mcp,0.9995,non_mcp
1062,127.0.0.1,127.0.0.1,8857,58852,non_mcp,0.9957,non_mcp
1063,127.0.0.1,127.0.0.1,8857,58854,non_mcp,0.9985,non_mcp
1064,127.0.0.1,127.0.0.1,8857,58856,non_mcp,0.998,non_mcp
1065,127.0.0.1,127.0.0.1,7881,58924,non_mcp,0.9995,non_mcp
1066,127.0.0.1,127.0.0.1,7881,58925,non_mcp,0.9993,non_mcp
1067,127.0.0.1,127.0.0.1,7881,58926,non_mcp,0.9995,non_mcp
1068,127.0.0.1,127.0.0.1,7881,58927,non_mcp,0.9993,non_mcp
1069,127.0.0.1,127.0.0.1,8493,58928,non_mcp,0.9996,non_mcp
1070,127.0.0.1,127.0.0.1,8493,58929,non_mcp,0.9995,non_mcp
1071,127.0.0.1,127.0.0.1,7503,58930,non_mcp,0.9985,non_mcp
1072,127.0.0.1,127.0.0.1,8493,58948,non_mcp,0.9995,non_mcp
1073,127.0.0.1,127.0.0.1,7503,58950,non_mcp,0.9984,non_mcp
1074,127.0.0.1,127.0.0.1,7881,58951,non_mcp,0.9995,non_mcp
1075,127.0.0.1,127.0.0.1,7881,58952,non_mcp,0.9996,non_mcp
1076,127.0.0.1,127.0.0.1,7881,58953,non_mcp,0.9993,non_mcp
1077,127.0.0.1,127.0.0.1,7881,58956,non_mcp,0.9996,non_mcp
1078,127.0.0.1,127.0.0.1,8493,58957,non_mcp,0.9995,non_mcp
1079,127.0.0.1,127.0.0.1,8493,58971,non_mcp,0.9996,non_mcp
1080,127.0.0.1,127.0.0.1,7503,58972,non_mcp,0.9975,non_mcp
1081,127.0.0.1,127.0.0.1,7881,58974,non_mcp,0.9996,non_mcp
1082,127.0.0.1,127.0.0.1,7881,58978,non_mcp,0.9996,non_mcp
1083,127.0.0.1,127.0.0.1,7881,58980,non_mcp,0.9994,non_mcp
1084,127.0.0.1,127.0.0.1,7881,58982,non_mcp,0.9991,non_mcp
1085,127.0.0.1,127.0.0.1,8493,46338,non_mcp,0.9996,non_mcp
1086,127.0.0.1,127.0.0.1,7503,46341,non_mcp,0.9957,non_mcp
1087,127.0.0.1,127.0.0.1,8493,46344,non_mcp,0.9995,non_mcp
1088,127.0.0.1,127.0.0.1,7881,46347,non_mcp,0.9996,non_mcp
1089,127.0.0.1,127.0.0.1,7881,46350,non_mcp,0.9996,non_mcp
1090,127.0.0.1,127.0.0.1,7881,46351,non_mcp,0.9993,non_mcp
1091,127.0.0.1,127.0.0.1,7881,46357,non_mcp,0.9993,non_mcp
1092,127.0.0.1,127.0.0.1,7503,46360,non_mcp,0.9982,non_mcp
1093,127.0.0.1,127.0.0.1,8493,46361,non_mcp,0.999,non_mcp
1094,127.0.0.1,127.0.0.1,7881,46368,non_mcp,0.9995,non_mcp
1095,127.0.0.1,127.0.0.1,7881,46370,non_mcp,0.9993,non_mcp
1096,127.0.0.1,127.0.0.1,7881,46371,non_mcp,0.9993,non_mcp
1097,127.0.0.1,127.0.0.1,8493,46372,non_mcp,0.9994,non_mcp
1098,127.0.0.1,127.0.0.1,7881,46376,non_mcp,0.9996,non_mcp
1099,127.0.0.1,127.0.0.1,7503,46377,non_mcp,0.9957,non_mcp
1100,127.0.0.1,127.0.0.1,8493,46379,non_mcp,0.9996,non_mcp
1101,127.0.0.1,127.0.0.1,7881,46381,non_mcp,0.9994,non_mcp
1102,127.0.0.1,127.0.0.1,7881,64994,non_mcp,0.9995,non_mcp
1103,127.0.0.1,127.0.0.1,7881,64995,non_mcp,0.9995,non_mcp
1104,127.0.0.1,127.0.0.1,7503,64997,non_mcp,0.9985,non_mcp
1105,127.0.0.1,127.0.0.1,8493,65001,non_mcp,0.9995,non_mcp
1106,127.0.0.1,127.0.0.1,8493,65002,non_mcp,0.9996,non_mcp
1107,127.0.0.1,127.0.0.1,7881,65003,non_mcp,0.9996,non_mcp
1108,127.0.0.1,127.0.0.1,7881,65004,non_mcp,0.9996,non_mcp
1109,127.0.0.1,127.0.0.1,7503,65005,non_mcp,0.998,non_mcp
1110,127.0.0.1,127.0.0.1,7503,65010,non_mcp,0.9985,non_mcp
1111,127.0.0.1,127.0.0.1,7881,65012,non_mcp,0.9996,non_mcp
1112,127.0.0.1,127.0.0.1,8493,65013,non_mcp,0.9995,non_mcp
1113,127.0.0.1,127.0.0.1,7881,65014,non_mcp,0.9996,non_mcp
1114,127.0.0.1,127.0.0.1,7503,65015,non_mcp,0.9993,non_mcp
1115,127.0.0.1,127.0.0.1,7503,65017,non_mcp,0.9984,non_mcp
1116,127.0.0.1,127.0.0.1,7503,65019,non_mcp,0.9992,non_mcp
1117,127.0.0.1,127.0.0.1,8251,14611,non_mcp,0.9995,non_mcp
1118,127.0.0.1,127.0.0.1,8251,14612,non_mcp,0.9992,non_mcp
1119,127.0.0.1,127.0.0.1,7094,14613,non_mcp,0.9994,non_mcp
1120,127.0.0.1,127.0.0.1,7094,14614,non_mcp,0.9996,non_mcp
1121,127.0.0.1,127.0.0.1,7779,14615,non_mcp,0.9983,non_mcp
1122,127.0.0.1,127.0.0.1,7779,14635,non_mcp,0.9982,non_mcp
1123,127.0.0.1,127.0.0.1,7094,14643,non_mcp,0.9995,non_mcp
1124,127.0.0.1,127.0.0.1,8251,14645,non_mcp,0.9996,non_mcp
1125,127.0.0.1,127.0.0.1,8251,14647,non_mcp,0.9991,non_mcp
1126,127.0.0.1,127.0.0.1,7094,15909,non_mcp,0.9995,non_mcp
1127,127.0.0.1,127.0.0.1,7779,15913,non_mcp,0.9983,non_mcp
1128,127.0.0.1,127.0.0.1,8251,15932,non_mcp,0.9991,non_mcp
1129,127.0.0.1,127.0.0.1,7779,15933,non_mcp,0.9963,non_mcp
1130,127.0.0.1,127.0.0.1,8251,15934,non_mcp,0.9995,non_mcp
1131,127.0.0.1,127.0.0.1,7094,15936,non_mcp,0.9996,non_mcp
1132,127.0.0.1,127.0.0.1,7094,15938,non_mcp,0.9996,non_mcp
1133,127.0.0.1,127.0.0.1,7779,15941,non_mcp,0.9985,non_mcp
1134,127.0.0.1,127.0.0.1,8251,15944,non_mcp,0.9996,non_mcp
1135,127.0.0.1,127.0.0.1,8251,15945,non_mcp,0.9993,non_mcp
1136,127.0.0.1,127.0.0.1,7094,15947,non_mcp,0.9995,non_mcp
1137,127.0.0.1,127.0.0.1,7779,15948,non_mcp,0.9985,non_mcp
1138,127.0.0.1,127.0.0.1,7094,15950,non_mcp,0.9994,non_mcp
1139,127.0.0.1,127.0.0.1,8251,15951,non_mcp,0.9995,non_mcp
1140,127.0.0.1,127.0.0.1,8251,15954,non_mcp,0.9995,non_mcp
1141,127.0.0.1,127.0.0.1,7779,15958,non_mcp,0.9987,non_mcp
1142,127.0.0.1,127.0.0.1,7094,15959,non_mcp,0.9995,non_mcp
1143,127.0.0.1,127.0.0.1,8251,15961,non_mcp,0.9995,non_mcp
1144,127.0.0.1,127.0.0.1,7094,15962,non_mcp,0.9995,non_mcp
1145,127.0.0.1,127.0.0.1,8251,15963,non_mcp,0.9995,non_mcp
1146,127.0.0.1,127.0.0.1,7779,15966,non_mcp,0.9984,non_mcp
1147,127.0.0.1,127.0.0.1,8251,15970,non_mcp,0.9996,non_mcp
1148,127.0.0.1,127.0.0.1,7094,15971,non_mcp,0.9995,non_mcp
1149,127.0.0.1,127.0.0.1,7779,15972,non_mcp,0.9984,non_mcp
1150,127.0.0.1,127.0.0.1,8251,15973,non_mcp,0.9994,non_mcp
1151,127.0.0.1,127.0.0.1,7094,15975,non_mcp,0.9994,non_mcp
1152,127.0.0.1,127.0.0.1,7779,15979,non_mcp,0.9943,non_mcp
1153,127.0.0.1,127.0.0.1,8251,15980,non_mcp,0.9995,non_mcp
1154,127.0.0.1,127.0.0.1,7094,15982,non_mcp,0.9996,non_mcp
1155,127.0.0.1,127.0.0.1,7094,15983,non_mcp,0.9993,non_mcp
1156,127.0.0.1,127.0.0.1,7779,15984,non_mcp,0.9976,non_mcp
1157,127.0.0.1,127.0.0.1,7779,15986,non_mcp,0.9978,non_mcp
1158,127.0.0.1,127.0.0.1,7779,15988,non_mcp,0.9979,non_mcp
1159,140.82.112.26,192.168.29.188,443,44570,non_mcp,0.993,non_mcp
1160,192.168.29.188,20.189.173.16,35366,443,non_mcp,0.9902,non_mcp
1161,192.168.29.188,34.54.84.110,39707,443,non_mcp,0.947,non_mcp
1162,192.168.29.188,52.182.143.211,28745,443,non_mcp,0.9639,non_mcp
1163,104.208.16.92,192.168.29.188,443,17276,non_mcp,0.9926,non_mcp
1164,192.168.29.188,20.199.39.224,19779,443,non_mcp,0.9963,non_mcp
1165,192.168.29.188,34.54.84.110,47562,443,non_mcp,0.9909,non_mcp
1166,192.168.29.188,20.42.65.88,18014,443,non_mcp,0.9375,non_mcp
1167,192.168.29.188,216.239.32.223,18016,443,non_mcp,0.9649,non_mcp
1168,157.90.91.74,192.168.29.188,443,59813,non_mcp,0.9887,non_mcp
1169,192.168.29.188,20.42.65.88,18014,443,non_mcp,0.9777,non_mcp
1170,192.168.29.188,57.155.141.122,17998,443,non_mcp,0.9994,non_mcp
1171,192.168.29.188,57.155.141.122,17999,443,non_mcp,0.9994,non_mcp
1172,104.208.16.92,192.168.29.188,443,17276,non_mcp,0.9842,non_mcp
1173,192.168.29.188,216.239.32.223,18016,443,non_mcp,0.9984,non_mcp
1174,192.168.29.188,216.239.32.223,22161,443,non_mcp,0.9576,non_mcp
1175,157.90.91.74,192.168.29.188,443,59813,non_mcp,0.9925,non_mcp
1176,192.168.29.188,34.54.84.110,47562,443,non_mcp,0.9909,non_mcp
1177,157.90.91.74,192.168.29.188,443,17961,non_mcp,0.9908,non_mcp
1178,104.26.12.205,192.168.29.188,443,22200,non_mcp,0.9971,non_mcp
1179,192.168.29.188,20.42.65.88,16540,443,non_mcp,0.9947,non_mcp
1180,192.168.29.188,216.239.32.223,18016,443,non_mcp,0.943,non_mcp
1181,157.90.91.74,192.168.29.188,443,59813,non_mcp,0.9925,non_mcp
1182,104.208.16.92,192.168.29.188,443,17276,non_mcp,0.9926,non_mcp
1183,192.168.29.188,34.54.84.110,47562,443,non_mcp,0.9909,non_mcp
1184,192.168.29.188,20.42.65.88,61881,443,non_mcp,0.9944,non_mcp
1185,157.90.91.74,192.168.29.188,443,59813,non_mcp,0.9925,non_mcp
1186,192.168.29.188,34.54.84.110,47562,443,non_mcp,0.9925,non_mcp
1187,104.208.16.92,192.168.29.188,443,17276,non_mcp,0.9698,non_mcp
1188,104.26.13.205,192.168.29.188,443,35999,non_mcp,0.9984,non_mcp
1189,104.26.13.205,192.168.29.188,443,36020,non_mcp,0.9984,non_mcp
1190,192.168.29.188,20.42.65.88,61881,443,non_mcp,0.9977,non_mcp
1191,192.168.29.188,20.42.65.88,36054,443,non_mcp,0.9949,non_mcp
1192,157.90.91.74,192.168.29.188,443,59813,non_mcp,0.9925,non_mcp
1193,192.168.29.188,34.54.84.110,47562,443,non_mcp,0.9909,non_mcp
1194,104.208.16.92,192.168.29.188,443,17276,non_mcp,0.9926,non_mcp
1195,192.168.29.188,20.189.172.76,36156,443,non_mcp,0.996,non_mcp
1196,192.168.29.188,52.182.143.215,36157,443,non_mcp,0.9933,non_mcp
1197,192.168.29.188,52.182.143.208,10131,443,non_mcp,0.988,non_mcp
1198,192.168.29.188,40.79.150.120,10145,443,non_mcp,0.9976,non_mcp
